Codigo,,,,,,,,,,,,Precio Referencial,,,,,,,,,,,,,,,,,,,,,,,,,,,,,,CONTROL,
OG,OE,OP,AC,Codigo control,Proyecto,Grupo,Partida,Código Actividad Sistema,Detalle de actividad,Cant. ,Costo Unit., (Costo Total  Bs.) ,,,,,,,,,,,,,,,,,,,,,,,,,,,,,,,
1,1,1,1,1111,RAINFOREST,SERVICIOS_PROFESIONALES_Y_DE_CONSULTORÍA_RF,CONSULTORES,A5,Construcción de Zonificaciones de APs,1,"50.000,00","50.000,00",,,,,,,,,,,,,,,,,,,,,,,,,,,,,,"50.000,00","4.375.734,78"
1,1,1,1,1111,AKAM_CCAM,LOCAL_PARTNER_STAFF_AND_VOLUNTEERS,CONSULTORES,,,5,"10.000,00","50.000,00",,,,,,,,,,,,,,,,,,,,,,,,,,,,,,"50.000,00",
1,,,,1,AAF_10,TALLERES_Y_REUNIONES,TALLERES,,,,,"0,00",,,,,,,,,,,,,,,,,,,,,,,,,,,,,,"0,00",
1,1,3,1,1131,AAF9_BENI,CONSULTORES_AAF,CONSULTOR 1,A2.3 / Área B,Creación de Áreas Protegidas en el Beni,1,,"0,00",,,,,,,,,,,,,,,,,,,,,,,,,,,,,,"0,00",
1,1,3,1,1131,AAF_10,CONSULTORES_AAF,CONSULTOR 1,A1,Creación de Áreas Protegidas en el Beni,1,,"0,00",,,,,,,,,,,,,,,,,,,,,,,,,,,,,,"0,00",
1,2,1,1,1211,RAINFOREST,SERVICIOS_PROFESIONALES_Y_DE_CONSULTORÍA_RF,CONSULTORES,A1.7 / 2 / 2.2,Elaboración de los reglamentos municipales de pesca ,1,"52.403,71","52.403,71",,,,,,,,,,,,,,,,,,,,,,,,,,,,,,"52.403,71",
1,2,2,1,1221,AAF_10,,,,Construcción de Zonificaciones de APs Beni,,,"0,00",,,,,,,,,,,,,,,,,,,,,,,,,,,,,,"0,00",
1,2,2,1,1221,RAINFOREST,SERVICIOS_PROFESIONALES_Y_DE_CONSULTORÍA_RF,CONSULTORES,A2.3 / ,Construcción de Zonificaciones de APs,1,"100.000,00","100.000,00",,,,,,,,,,,,,,,,,,,,,,,,,,,,,,"100.000,00",
1,2,2,1,1221,AAF9_PANDO,CONSULTORES_AAF,CONSULTOR 1,A2.4 / Area E / Pasajes Aéreos,Construcción de Zonificaciones de APs,1,"28.000,00","28.000,00",,,,,,,,,,,,,,,,,,,,,,,,,,,,,,"28.000,00",
1,2,2,1,1221,RAINFOREST,SERVICIOS_PROFESIONALES_Y_DE_CONSULTORÍA_RF,CONSULTORES,A2.1 / 2 / 2.6,Construcción de Zonificaciones de APs,1,"62.000,00","62.000,00",,,,,,,,,,,,,,,,,,,,,,,,,,,,,,"62.000,00",
1,2,2,1,1221,AAF9_PANDO,CONSULTORES_AAF,CONSULTOR 1,A2.2 / Area C / Talleres,Construcción de Zonificaciones de APs,1,"20.000,00","20.000,00",,,,,,,,,,,,,,,,,,,,,,,,,,,,,,"20.000,00",
1,2,2,1,1221,AAF9_PANDO,CONSULTORES_AAF,CONSULTOR 1,,Construcción de Zonificaciones de APs,1,"30.000,00","30.000,00",,,,,,,,,,,,,,,,,,,,,,,,,,,,,,"30.000,00",
1,2,2,1,1221,RE_WILD_2,CONSULTORES_REWILD,CONSULTORES,A1.1,Construcción de Zonificaciones de APs,1,"130.000,00","130.000,00",,,,,,,,,,,,,,,,,,,,,,,,,,,,,,"130.000,00",
1,2,2,1,1221,RAINFOREST,VIAJES_RF,PASAJES AÉREOS NACIONALES,A2.2 / 7 / 7.5,Construcción de Zonificaciones de APs,1,"1.604,20","1.604,20",,,,,,,,,,,,,,,,,,,,,,,,,,,,,,"1.604,20",
1,2,2,1,1221,RAINFOREST,VIAJES_RF,PASAJES TERRESTRES NACIONALES,A2.2 / 7 / 7.5,Construcción de Zonificaciones de APs,1,"1.604,19","1.604,19",,,,,,,,,,,,,,,,,,,,,,,,,,,,,,"1.604,19",
1,2,2,1,1221,RAINFOREST,VIAJES_RF,COMBUSTIBLE,A2.2 / 7 / 7.5,Construcción de Zonificaciones de APs,1,"1.604,19","1.604,19",,,,,,,,,,,,,,,,,,,,,,,,,,,,,,"1.604,19",
1,2,2,1,1221,RAINFOREST,VIAJES_RF,ALQUILER VEHÍCULOS,A2.2 / 7 / 7.5,Construcción de Zonificaciones de APs,1,"1.604,19","1.604,19",,,,,,,,,,,,,,,,,,,,,,,,,,,,,,"1.604,19",
1,2,2,1,1221,RAINFOREST,VIAJES_RF,"PAGO PONTÓN, PEAJES, ETC",A2.2 / 7 / 7.5,Construcción de Zonificaciones de APs,1,"1.604,19","1.604,19",,,,,,,,,,,,,,,,,,,,,,,,,,,,,,"1.604,19",
1,2,2,1,1221,RAINFOREST,VIAJES_RF,VIÁTICOS,A2.2 / 7 / 7.5,Construcción de Zonificaciones de APs,1,"1.604,19","1.604,19",,,,,,,,,,,,,,,,,,,,,,,,,,,,,,"1.604,19",
1,2,2,1,1221,RAINFOREST,VIAJES_RF,HOSPEDAJE NACIONAL,A2.2 / 7 / 7.5,Construcción de Zonificaciones de APs,1,"1.604,19","1.604,19",,,,,,,,,,,,,,,,,,,,,,,,,,,,,,"1.604,19",
1,2,2,2,1222,RAINFOREST,SERVICIOS_PROFESIONALES_Y_DE_CONSULTORÍA_RF,CONSULTORES,A2.1 / 2 / 2.6,Construcción de las Agendas Estratégicas de APs,1,"200.000,00","200.000,00",,,,,,,,,,,,,,,,,,,,,,,,,,,,,,"200.000,00",
1,2,2,2,1222,AAF9_PANDO,CONSULTORES_AAF,CONSULTOR 1,A1.1 / Area B / Talleres,Construcción de las Agendas Estratégicas de APs,1,"15.000,00","15.000,00",,,,,,,,,,,,,,,,,,,,,,,,,,,,,,"15.000,00",
1,2,2,2,1222,AAF9_PANDO,CONSULTORES_AAF,CONSULTOR 1,A2.2 / Area C / Talleres,Construcción de las Agendas Estratégicas de APs,1,"20.000,00","20.000,00",,,,,,,,,,,,,,,,,,,,,,,,,,,,,,"20.000,00",
1,2,2,2,1222,AAF9_PANDO,CONSULTORES_AAF,CONSULTOR 1,A2.4 / Area E / Pasajes Aéreos,Construcción de las Agendas Estratégicas de APs,1,"30.000,00","30.000,00",,,,,,,,,,,,,,,,,,,,,,,,,,,,,,"30.000,00",
1,2,2,2,1222,AAF_10,,,,Construcción de las Agendas Estratégicas de APs Beni,,,"0,00",,,,,,,,,,,,,,,,,,,,,,,,,,,,,,"0,00",
1,2,2,2,1222,RAINFOREST,VIAJES_RF,PASAJES AÉREOS NACIONALES,A2.1 / 7 / 7.5,Construcción de las Agendas Estratégicas de APs,1,"112,77","112,77",,,,,,,,,,,,,,,,,,,,,,,,,,,,,,"112,77",
1,2,2,2,1222,RAINFOREST,VIAJES_RF,PASAJES TERRESTRES NACIONALES,A2.1 / 7 / 7.5,Construcción de las Agendas Estratégicas de APs,1,"247,05","247,05",,,,,,,,,,,,,,,,,,,,,,,,,,,,,,"247,05",
1,2,2,2,1222,RAINFOREST,VIAJES_RF,CONBUSTIBLE,A2.1 / 7 / 7.5,Construcción de las Agendas Estratégicas de APs,1,"1.604,19","1.604,19",,,,,,,,,,,,,,,,,,,,,,,,,,,,,,"1.604,19",
1,2,2,2,1222,RAINFOREST,VIAJES_RF,ALQUILER VEHICULOS,A2.1 / 7 / 7.5,Construcción de las Agendas Estratégicas de APs,1,"1.604,19","1.604,19",,,,,,,,,,,,,,,,,,,,,,,,,,,,,,"1.604,19",
1,2,2,2,1222,RAINFOREST,VIAJES_RF,"PAGO PONTOS, PEAJES, ETC.",A2.1 / 7 / 7.5,Construcción de las Agendas Estratégicas de APs,1,"1.604,19","1.604,19",,,,,,,,,,,,,,,,,,,,,,,,,,,,,,"1.604,19",
1,2,2,2,1222,RAINFOREST,VIAJES_RF,VIATICOS,A2.1 / 7 / 7.5,Construcción de las Agendas Estratégicas de APs,1,"440,43","440,43",,,,,,,,,,,,,,,,,,,,,,,,,,,,,,"440,43",
1,2,2,2,1222,RAINFOREST,VIAJES_RF,HOSPEDAJE NACIONAL,A2.1 / 7 / 7.5,Construcción de las Agendas Estratégicas de APs,1,"1.604,19","1.604,19",,,,,,,,,,,,,,,,,,,,,,,,,,,,,,"1.604,19",
1,,,,1,,,,,,,,"0,00",,,,,,,,,,,,,,,,,,,,,,,,,,,,,,"0,00",
1,2,2,3,1223,AAF_10,CONSULTORES_AAF,CONSULTOR 1,B5.1 ,Plan de Vida Tacana II,1,,"0,00",,,,,,,,,,,,,,,,,,,,,,,,,,,,,,"0,00",
1,2,3,1,1231,RAINFOREST,SERVICIOS_PROFESIONALES_Y_DE_CONSULTORÍA_RF,CONSULTORES,A2.5 / 2 / 2.6,Elaboración de los Planes de Control y Vigilancia,1,"63.922,07","63.922,07",,,,,,,,,,,,,,,,,,,,,,,,,,,,,,"63.922,07",
1,2,3,2,1232,RAINFOREST,GESTIÓN_DE_ÁREAS_PROTEGIDAS_RF,ALIMENTACIÓN/ VIVERES,A2.5 / 4 / 4.1,Realización de campañas de patrullaje para el control territorial,1,"13.886,43","13.886,43",,,,,,,,,,,,,,,,,,,,,,,,,,,,,,"13.886,43",
1,2,3,2,1232,RAINFOREST,GESTIÓN_DE_ÁREAS_PROTEGIDAS_RF,HERRAMIENTAS VARIAS,A2.5 / 4 / 4.1,Realización de campañas de patrullaje para el control territorial,1,"20.018,61","20.018,61",,,,,,,,,,,,,,,,,,,,,,,,,,,,,,"20.018,61",
1,2,3,2,1232,RAINFOREST,GESTIÓN_DE_ÁREAS_PROTEGIDAS_RF,CONBUSTIBLE,A2.5 / 4 / 4.1,Realización de campañas de patrullaje para el control territorial,1,"17.330,35","17.330,35",,,,,,,,,,,,,,,,,,,,,,,,,,,,,,"17.330,35",
1,2,3,2,1232,RAINFOREST,GESTIÓN_DE_ÁREAS_PROTEGIDAS_RF,INSUMOS Y EQUIPAMIENTO,A2.5 / 4 / 4.1,Realización de campañas de patrullaje para el control territorial,1,"14.653,53","14.653,53",,,,,,,,,,,,,,,,,,,,,,,,,,,,,,"14.653,53",
1,2,3,2,1232,RAINFOREST,GESTIÓN_DE_ÁREAS_PROTEGIDAS_RF,MANTENIMIENTO DE VEHICULOS,A2.5 / 4 / 4.1,Realización de campañas de patrullaje para el control territorial,1,"19.516,65","19.516,65",,,,,,,,,,,,,,,,,,,,,,,,,,,,,,"19.516,65",
1,2,3,2,1232,RAINFOREST,GESTIÓN_DE_ÁREAS_PROTEGIDAS_RF,HOSPEDAJE NACIONAL,A2.5 / 4 / 4.1,Realización de campañas de patrullaje para el control territorial,1,"18.768,61","18.768,61",,,,,,,,,,,,,,,,,,,,,,,,,,,,,,"18.768,61",
1,2,3,2,1232,RAINFOREST,GESTIÓN_DE_ÁREAS_PROTEGIDAS_RF,VIATICOS,A2.5 / 4 / 4.1,Realización de campañas de patrullaje para el control territorial,1,"457,12","457,12",,,,,,,,,,,,,,,,,,,,,,,,,,,,,,"457,12",
1,2,3,2,1232,RAINFOREST,GESTIÓN_DE_ÁREAS_PROTEGIDAS_RF,ALQUILER VEHICULOS,A2.5 / 4 / 4.1,Realización de campañas de patrullaje para el control territorial,1,"18.107,89","18.107,89",,,,,,,,,,,,,,,,,,,,,,,,,,,,,,"18.107,89",
1,2,3,2,1232,RAINFOREST,GESTIÓN_DE_ÁREAS_PROTEGIDAS_RF,"PAGO PONTOS, PEAJES, ETC.",A2.5 / 4 / 4.1,Realización de campañas de patrullaje para el control territorial,1,"19.964,90","19.964,90",,,,,,,,,,,,,,,,,,,,,,,,,,,,,,"19.964,90",
1,2,3,2,1232,RAINFOREST,GESTIÓN_DE_ÁREAS_PROTEGIDAS_RF,GUIAS LOCALES,A2.5 / 4 / 4.1,Realización de campañas de patrullaje para el control territorial,1,"20.018,61","20.018,61",,,,,,,,,,,,,,,,,,,,,,,,,,,,,,"20.018,61",
1,2,3,2,1232,RAINFOREST,VIAJES_RF,PASAJES AÉREOS NACIONALES,A2.5 / 7 / 7.5,Apoyar a la realización de campañas de patrullaje para el control territorial,1,"5.213,63","5.213,63",,,,,,,,,,,,,,,,,,,,,,,,,,,,,,"5.213,63",
1,2,3,2,1232,RAINFOREST,VIAJES_RF,PASAJES TERRESTRES NACIONALES,A2.5 / 7 / 7.5,Apoyar a la realización de campañas de patrullaje para el control territorial,1,"3.856,48","3.856,48",,,,,,,,,,,,,,,,,,,,,,,,,,,,,,"3.856,48",
1,2,3,2,1232,RAINFOREST,VIAJES_RF,COMBUSTIBLE,A2.5 / 7 / 7.5,Apoyar a la realización de campañas de patrullaje para el control territorial,1,"5.213,64","5.213,64",,,,,,,,,,,,,,,,,,,,,,,,,,,,,,"5.213,64",
1,2,3,2,1232,RAINFOREST,VIAJES_RF,ALQUILER VEHÍCULOS,A2.5 / 7 / 7.5,Apoyar a la realización de campañas de patrullaje para el control territorial,1,"5.213,64","5.213,64",,,,,,,,,,,,,,,,,,,,,,,,,,,,,,"5.213,64",
1,2,3,2,1232,RAINFOREST,VIAJES_RF,"PAGO PONTÓN, PEAJES, ETC",A2.5 / 7 / 7.5,Apoyar a la realización de campañas de patrullaje para el control territorial,1,"4.441,32","4.441,32",,,,,,,,,,,,,,,,,,,,,,,,,,,,,,"4.441,32",
1,2,3,2,1232,RAINFOREST,VIAJES_RF,VIÁTICOS,A2.5 / 7 / 7.5,Apoyar a la realización de campañas de patrullaje para el control territorial,1,"3.429,12","3.429,12",,,,,,,,,,,,,,,,,,,,,,,,,,,,,,"3.429,12",
1,2,3,2,1232,RAINFOREST,VIAJES_RF,HOSPEDAJE NACIONAL,A2.5 / 7 / 7.5,Apoyar a la realización de campañas de patrullaje para el control territorial,1,"5.213,64","5.213,64",,,,,,,,,,,,,,,,,,,,,,,,,,,,,,"5.213,64",
1,2,4,1,1241,RAINFOREST,GESTIÓN_DE_ÁREAS_PROTEGIDAS_RF,ALIMENTACIÓN/ VIVERES,A2.4 / 4 / 4.2,Reuniones de los Comités de Gestión,1,"4.922,89","4.922,89",,,,,,,,,,,,,,,,,,,,,,,,,,,,,,"4.922,89",
1,2,4,1,1241,RAINFOREST,GESTIÓN_DE_ÁREAS_PROTEGIDAS_RF,ALQUILER SALON,A2.4 / 4 / 4.2,Reuniones de los Comités de Gestión,1,"6.683,84","6.683,84",,,,,,,,,,,,,,,,,,,,,,,,,,,,,,"6.683,84",
1,2,4,1,1241,RAINFOREST,GESTIÓN_DE_ÁREAS_PROTEGIDAS_RF,PASAJES TERRESTRES NACIONALES,A2.4 / 4 / 4.2,Reuniones de los Comités de Gestión,1,"4.090,10","4.090,10",,,,,,,,,,,,,,,,,,,,,,,,,,,,,,"4.090,10",
1,2,4,1,1241,RAINFOREST,GESTIÓN_DE_ÁREAS_PROTEGIDAS_RF,HOSPEDAJE NACIONAL,A2.4 / 4 / 4.2,Reuniones de los Comités de Gestión,1,"5.512,42","5.512,42",,,,,,,,,,,,,,,,,,,,,,,,,,,,,,"5.512,42",
1,2,4,1,1241,RAINFOREST,GESTIÓN_DE_ÁREAS_PROTEGIDAS_RF,VIATICOS,A2.4 / 4 / 4.2,Reuniones de los Comités de Gestión,1,"1.283,57","1.283,57",,,,,,,,,,,,,,,,,,,,,,,,,,,,,,"1.283,57",
1,2,4,1,1241,RAINFOREST,GESTIÓN_DE_ÁREAS_PROTEGIDAS_RF,COMBUSTIBLE,A2.4 / 4 / 4.2,Reuniones de los Comités de Gestión,1,"6.764,90","6.764,90",,,,,,,,,,,,,,,,,,,,,,,,,,,,,,"6.764,90",
1,2,4,1,1241,RAINFOREST,GESTIÓN_DE_ÁREAS_PROTEGIDAS_RF,ALQUILER VEHICULOS,A2.4 / 4 / 4.2,Reuniones de los Comités de Gestión,1,"6.862,42","6.862,42",,,,,,,,,,,,,,,,,,,,,,,,,,,,,,"6.862,42",
1,2,4,1,1241,RAINFOREST,GESTIÓN_DE_ÁREAS_PROTEGIDAS_RF,"PAGO PONTOS, PEAJES, ETC.",A2.4 / 4 / 4.2,Reuniones de los Comités de Gestión,1,"6.862,39","6.862,39",,,,,,,,,,,,,,,,,,,,,,,,,,,,,,"6.862,39",
1,2,4,1,1241,RAINFOREST,GESTIÓN_DE_ÁREAS_PROTEGIDAS_RF,SUMINISTROS DE OFICINA,A2.4 / 4 / 4.2,Reuniones de los Comités de Gestión,1,"1.359,14","1.359,14",,,,,,,,,,,,,,,,,,,,,,,,,,,,,,"1.359,14",
1,2,4,1,1241,RAINFOREST,VIAJES_RF,PASAJES AÉREOS NACIONALES,A2.4 / 7 / 7.5,Reuniones de los Comités de Gestión,1,"1.580,60","1.580,60",,,,,,,,,,,,,,,,,,,,,,,,,,,,,,"1.580,60",
1,2,4,1,1241,RAINFOREST,VIAJES_RF,PASAJES TERRESTRES NACIONALES,A2.4 / 7 / 7.5,Reuniones de los Comités de Gestión,1,"2.182,32","2.182,32",,,,,,,,,,,,,,,,,,,,,,,,,,,,,,"2.182,32",
1,2,4,1,1241,RAINFOREST,VIAJES_RF,COMBUSTIBLE,A2.4 / 7 / 7.5,Reuniones de los Comités de Gestión,1,"7.884,30","7.884,30",,,,,,,,,,,,,,,,,,,,,,,,,,,,,,"7.884,30",
1,2,4,1,1241,RAINFOREST,VIAJES_RF,ALQUILER VEHÍCULOS,A2.4 / 7 / 7.5,Reuniones de los Comités de Gestión,1,"7.972,85","7.972,85",,,,,,,,,,,,,,,,,,,,,,,,,,,,,,"7.972,85",
1,2,4,1,1241,RAINFOREST,VIAJES_RF,"PAGO PONTÓN, PEAJES, ETC",A2.4 / 7 / 7.5,Reuniones de los Comités de Gestión,1,"6.063,39","6.063,39",,,,,,,,,,,,,,,,,,,,,,,,,,,,,,"6.063,39",
1,2,4,1,1241,RAINFOREST,VIAJES_RF,VIÁTICOS,A2.4 / 7 / 7.5,Reuniones de los Comités de Gestión,1,"560,45","560,45",,,,,,,,,,,,,,,,,,,,,,,,,,,,,,"560,45",
1,2,4,1,1241,RAINFOREST,VIAJES_RF,HOSPEDAJE NACIONAL,A2.4 / 7 / 7.5,Reuniones de los Comités de Gestión,1,"6.153,31","6.153,31",,,,,,,,,,,,,,,,,,,,,,,,,,,,,,"6.153,31",
1,2,5,1,1251,RAINFOREST,TALLERES_Y_CAPACITACIONES_RF,ALIMENTACION/VIVERES,A2.7 / 6 / 6.1,Talleres de capacitación sobre áreas protegidas,1,"-0,01","-0,01",,,,,,,,,,,,,,,,,,,,,,,,,,,,,,"-0,01",
1,2,5,1,1251,RAINFOREST,TALLERES_Y_CAPACITACIONES_RF,ALQUILER DE SALON,A2.7 / 6 / 6.1,Talleres de capacitación sobre áreas protegidas,1,"6.113,23","6.113,23",,,,,,,,,,,,,,,,,,,,,,,,,,,,,,"6.113,23",
1,2,5,1,1251,RAINFOREST,TALLERES_Y_CAPACITACIONES_RF,PASAJES TERRESTRES NACIONALES,A2.7 / 6 / 6.1,Talleres de capacitación sobre áreas protegidas,1,"4.023,43","4.023,43",,,,,,,,,,,,,,,,,,,,,,,,,,,,,,"4.023,43",
1,2,5,1,1251,RAINFOREST,TALLERES_Y_CAPACITACIONES_RF,HOSPEDAJE NACIONAL,A2.7 / 6 / 6.1,Talleres de capacitación sobre áreas protegidas,1,"3.382,13","3.382,13",,,,,,,,,,,,,,,,,,,,,,,,,,,,,,"3.382,13",
1,2,5,1,1251,RAINFOREST,TALLERES_Y_CAPACITACIONES_RF,VIATICOS,A2.7 / 6 / 6.1,Talleres de capacitación sobre áreas protegidas,1,"-0,01","-0,01",,,,,,,,,,,,,,,,,,,,,,,,,,,,,,"-0,01",
1,2,5,1,1251,RAINFOREST,TALLERES_Y_CAPACITACIONES_RF,COMBUSTIBLE,A2.7 / 6 / 6.1,Talleres de capacitación sobre áreas protegidas,1,"3.783,62","3.783,62",,,,,,,,,,,,,,,,,,,,,,,,,,,,,,"3.783,62",
1,2,5,1,1251,RAINFOREST,TALLERES_Y_CAPACITACIONES_RF,ALQUILER DE VEHICULOS,A2.7 / 6 / 6.1,Talleres de capacitación sobre áreas protegidas,1,"6.113,23","6.113,23",,,,,,,,,,,,,,,,,,,,,,,,,,,,,,"6.113,23",
1,2,5,1,1251,RAINFOREST,TALLERES_Y_CAPACITACIONES_RF,"PAGO PONTON, PEAJES, ETC.",A2.7 / 6 / 6.1,Talleres de capacitación sobre áreas protegidas,1,"5.335,37","5.335,37",,,,,,,,,,,,,,,,,,,,,,,,,,,,,,"5.335,37",
1,2,5,1,1251,RAINFOREST,TALLERES_Y_CAPACITACIONES_RF,SUMINISTROS DE OFICINA,A2.7 / 6 / 6.1,Talleres de capacitación sobre áreas protegidas,1,"1.445,15","1.445,15",,,,,,,,,,,,,,,,,,,,,,,,,,,,,,"1.445,15",
1,2,5,1,1251,RAINFOREST,VIAJES_RF,PASAJES AÉREOS NACIONALES,A2.7 / 7 / 7.5,Talleres de capacitación sobre áreas protegidas,1,"6.416,78","6.416,78",,,,,,,,,,,,,,,,,,,,,,,,,,,,,,"6.416,78",
1,2,5,1,1251,RAINFOREST,VIAJES_RF,PASAJES TERRESTRES NACIONALES,A2.7 / 7 / 7.5,Talleres de capacitación sobre áreas protegidas,1,"215,53","215,53",,,,,,,,,,,,,,,,,,,,,,,,,,,,,,"215,53",
1,2,5,1,1251,RAINFOREST,VIAJES_RF,COMBUSTIBLE,A2.7 / 7 / 7.5,Talleres de capacitación sobre áreas protegidas,1,"6.416,78","6.416,78",,,,,,,,,,,,,,,,,,,,,,,,,,,,,,"6.416,78",
1,2,5,1,1251,RAINFOREST,VIAJES_RF,ALQUILER VEHÍCULOS,A2.7 / 7 / 7.5,Talleres de capacitación sobre áreas protegidas,1,"6.416,78","6.416,78",,,,,,,,,,,,,,,,,,,,,,,,,,,,,,"6.416,78",
1,2,5,1,1251,RAINFOREST,VIAJES_RF,"PAGO PONTÓN, PEAJES, ETC",A2.7 / 7 / 7.5,Talleres de capacitación sobre áreas protegidas,1,"1.043,09","1.043,09",,,,,,,,,,,,,,,,,,,,,,,,,,,,,,"1.043,09",
1,2,5,1,1251,RAINFOREST,VIAJES_RF,VIÁTICOS,A2.7 / 7 / 7.5,Talleres de capacitación sobre áreas protegidas,1,"0,00","0,00",,,,,,,,,,,,,,,,,,,,,,,,,,,,,,"0,00",
1,2,5,1,1251,RAINFOREST,VIAJES_RF,HOSPEDAJE NACIONAL,A2.7 / 7 / 7.5,Talleres de capacitación sobre áreas protegidas,1,"5.741,78","5.741,78",,,,,,,,,,,,,,,,,,,,,,,,,,,,,,"5.741,78",
1,2,5,1,1251,RAINFOREST,VIAJES_RF,PASAJES AÉREOS NACIONALES,A2.7 / 7 / 7.8,Reuniones con autoridades y otras reuniones,1,"10.115,31","10.115,31",,,,,,,,,,,,,,,,,,,,,,,,,,,,,,"10.115,31",
1,2,5,1,1251,RAINFOREST,VIAJES_RF,PASAJES TERRESTRES NACIONALES,A2.7 / 7 / 7.8,Reuniones con autoridades y otras reuniones,1,"15.335,31","15.335,31",,,,,,,,,,,,,,,,,,,,,,,,,,,,,,"15.335,31",
1,2,5,1,1251,RAINFOREST,VIAJES_RF,COMBUSTIBLE,A2.7 / 7 / 7.8,Reuniones con autoridades y otras reuniones,1,"15.335,31","15.335,31",,,,,,,,,,,,,,,,,,,,,,,,,,,,,,"15.335,31",
1,2,5,1,1251,RAINFOREST,VIAJES_RF,ALQUILER VEHÍCULOS,A2.7 / 7 / 7.8,Reuniones con autoridades y otras reuniones,1,"15.335,31","15.335,31",,,,,,,,,,,,,,,,,,,,,,,,,,,,,,"15.335,31",
1,2,5,1,1251,RAINFOREST,VIAJES_RF,"PAGO PONTÓN, PEAJES, ETC",A2.7 / 7 / 7.8,Reuniones con autoridades y otras reuniones,1,"15.060,81","15.060,81",,,,,,,,,,,,,,,,,,,,,,,,,,,,,,"15.060,81",
1,2,5,1,1251,RAINFOREST,VIAJES_RF,VIÁTICOS,A2.7 / 7 / 7.8,Reuniones con autoridades y otras reuniones,1,"10.972,82","10.972,82",,,,,,,,,,,,,,,,,,,,,,,,,,,,,,"10.972,82",
1,2,5,1,1251,RAINFOREST,VIAJES_RF,HOSPEDAJE NACIONAL,A2.7 / 7 / 7.8,Reuniones con autoridades y otras reuniones,1,"13.859,10","13.859,10",,,,,,,,,,,,,,,,,,,,,,,,,,,,,,"13.859,10",
1,2,6,1,1261,RAINFOREST,TALLERES_Y_CAPACITACIONES_RF,ALIMENTACION/VIVERES,A4.2 / 6 / 6.1,Reuniones de apoyo a GAD Pando para reuniones de la RECPA,1,"3.212,31","3.212,31",,,,,,,,,,,,,,,,,,,,,,,,,,,,,,"3.212,31",
1,2,6,1,1261,RAINFOREST,TALLERES_Y_CAPACITACIONES_RF,ALQUILER DE SALON,A4.2 / 6 / 6.1,Reuniones de apoyo a GAD Pando para reuniones de la RECPA,1,"3.212,31","3.212,31",,,,,,,,,,,,,,,,,,,,,,,,,,,,,,"3.212,31",
1,2,6,1,1261,RAINFOREST,TALLERES_Y_CAPACITACIONES_RF,PASAJES TERRESTRES NACIONALES,A4.2 / 6 / 6.1,Reuniones de apoyo a GAD Pando para reuniones de la RECPA,1,"3.214,73","3.214,73",,,,,,,,,,,,,,,,,,,,,,,,,,,,,,"3.214,73",
1,2,6,1,1261,RAINFOREST,TALLERES_Y_CAPACITACIONES_RF,HOSPEDAJE NACIONAL,A4.2 / 6 / 6.1,Reuniones de apoyo a GAD Pando para reuniones de la RECPA,1,"3.212,31","3.212,31",,,,,,,,,,,,,,,,,,,,,,,,,,,,,,"3.212,31",
1,2,6,1,1261,RAINFOREST,TALLERES_Y_CAPACITACIONES_RF,VIATICOS,A4.2 / 6 / 6.1,Reuniones de apoyo a GAD Pando para reuniones de la RECPA,1,"3.212,31","3.212,31",,,,,,,,,,,,,,,,,,,,,,,,,,,,,,"3.212,31",
1,2,6,1,1261,RAINFOREST,TALLERES_Y_CAPACITACIONES_RF,COMBUSTIBLE,A4.2 / 6 / 6.1,Reuniones de apoyo a GAD Pando para reuniones de la RECPA,1,"2.653,67","2.653,67",,,,,,,,,,,,,,,,,,,,,,,,,,,,,,"2.653,67",
1,2,6,1,1261,RAINFOREST,TALLERES_Y_CAPACITACIONES_RF,ALQUILER DE VEHICULOS,A4.2 / 6 / 6.1,Reuniones de apoyo a GAD Pando para reuniones de la RECPA,1,"3.212,31","3.212,31",,,,,,,,,,,,,,,,,,,,,,,,,,,,,,"3.212,31",
1,2,6,1,1261,RAINFOREST,TALLERES_Y_CAPACITACIONES_RF,"PAGO PONTON, PEAJES, ETC.",A4.2 / 6 / 6.1,Reuniones de apoyo a GAD Pando para reuniones de la RECPA,1,"3.212,31","3.212,31",,,,,,,,,,,,,,,,,,,,,,,,,,,,,,"3.212,31",
1,2,6,1,1261,RAINFOREST,TALLERES_Y_CAPACITACIONES_RF,SUMINISTROS DE OFICINA,A4.2 / 6 / 6.1,Reuniones de apoyo a GAD Pando para reuniones de la RECPA,1,"3.129,81","3.129,81",,,,,,,,,,,,,,,,,,,,,,,,,,,,,,"3.129,81",
1,2,6,2,1262,RAINFOREST,TALLERES_Y_CAPACITACIONES_RF,ALIMENTACION/VIVERES,A4.3 / 6 / 6.1,Promover intercambios de experiencias entre miembros de la RECPA,1,"3.212,31","3.212,31",,,,,,,,,,,,,,,,,,,,,,,,,,,,,,"3.212,31",
1,2,6,2,1262,RAINFOREST,TALLERES_Y_CAPACITACIONES_RF,ALQUILER DE SALON,A4.3 / 6 / 6.1,Promover intercambios de experiencias entre miembros de la RECPA,1,"3.212,31","3.212,31",,,,,,,,,,,,,,,,,,,,,,,,,,,,,,"3.212,31",
1,2,6,2,1262,RAINFOREST,TALLERES_Y_CAPACITACIONES_RF,PASAJES TERRESTRES NACIONALES,A4.3 / 6 / 6.1,Promover intercambios de experiencias entre miembros de la RECPA,1,"3.143,30","3.143,30",,,,,,,,,,,,,,,,,,,,,,,,,,,,,,"3.143,30",
1,2,6,2,1262,RAINFOREST,TALLERES_Y_CAPACITACIONES_RF,HOSPEDAJE NACIONAL,A4.3 / 6 / 6.1,Promover intercambios de experiencias entre miembros de la RECPA,1,"3.212,31","3.212,31",,,,,,,,,,,,,,,,,,,,,,,,,,,,,,"3.212,31",
1,2,6,2,1262,RAINFOREST,TALLERES_Y_CAPACITACIONES_RF,VIATICOS,A4.3 / 6 / 6.1,Promover intercambios de experiencias entre miembros de la RECPA,1,"3.212,31","3.212,31",,,,,,,,,,,,,,,,,,,,,,,,,,,,,,"3.212,31",
1,2,6,2,1262,RAINFOREST,TALLERES_Y_CAPACITACIONES_RF,COMBUSTIBLE,A4.3 / 6 / 6.1,Promover intercambios de experiencias entre miembros de la RECPA,1,"2.310,98","2.310,98",,,,,,,,,,,,,,,,,,,,,,,,,,,,,,"2.310,98",
1,2,6,2,1262,RAINFOREST,TALLERES_Y_CAPACITACIONES_RF,ALQUILER DE VEHICULOS,A4.3 / 6 / 6.1,Promover intercambios de experiencias entre miembros de la RECPA,1,"3.212,31","3.212,31",,,,,,,,,,,,,,,,,,,,,,,,,,,,,,"3.212,31",
1,2,6,2,1262,RAINFOREST,TALLERES_Y_CAPACITACIONES_RF,"PAGO PONTON, PEAJES, ETC.",A4.3 / 6 / 6.1,Promover intercambios de experiencias entre miembros de la RECPA,1,"3.212,31","3.212,31",,,,,,,,,,,,,,,,,,,,,,,,,,,,,,"3.212,31",
1,2,6,2,1262,RAINFOREST,TALLERES_Y_CAPACITACIONES_RF,SUMINISTROS DE OFICINA,A4.3 / 6 / 6.1,Promover intercambios de experiencias entre miembros de la RECPA,1,"2.874,81","2.874,81",,,,,,,,,,,,,,,,,,,,,,,,,,,,,,"2.874,81",
1,2,6,2,1262,RAINFOREST,TALLERES_Y_CAPACITACIONES_RF,ALIMENTACION/VIVERES,A4.3 / 6 / 6.2,Realizar talleres de interacmbios de experiencias entre áreas protegidas de la RECPA,1,"55,37","55,37",,,,,,,,,,,,,,,,,,,,,,,,,,,,,,"55,37",
1,2,6,2,1262,RAINFOREST,TALLERES_Y_CAPACITACIONES_RF,ALQUILER DE SALON,A4.3 / 6 / 6.2,Realizar talleres de interacmbios de experiencias entre áreas protegidas de la RECPA,1,"28.969,17","28.969,17",,,,,,,,,,,,,,,,,,,,,,,,,,,,,,"28.969,17",
1,2,6,2,1262,RAINFOREST,TALLERES_Y_CAPACITACIONES_RF,PASAJES TERRESTRES NACIONALES,A4.3 / 6 / 6.2,Realizar talleres de interacmbios de experiencias entre áreas protegidas de la RECPA,1,"13.321,97","13.321,97",,,,,,,,,,,,,,,,,,,,,,,,,,,,,,"13.321,97",
1,2,6,2,1262,RAINFOREST,TALLERES_Y_CAPACITACIONES_RF,HOSPEDAJE NACIONAL,A4.3 / 6 / 6.2,Realizar talleres de interacmbios de experiencias entre áreas protegidas de la RECPA,1,"26.652,03","26.652,03",,,,,,,,,,,,,,,,,,,,,,,,,,,,,,"26.652,03",
1,2,6,2,1262,RAINFOREST,TALLERES_Y_CAPACITACIONES_RF,VIATICOS,A4.3 / 6 / 6.2,Realizar talleres de interacmbios de experiencias entre áreas protegidas de la RECPA,1,"25.552,00","25.552,00",,,,,,,,,,,,,,,,,,,,,,,,,,,,,,"25.552,00",
1,2,6,2,1262,RAINFOREST,TALLERES_Y_CAPACITACIONES_RF,COMBUSTIBLE,A4.3 / 6 / 6.2,Realizar talleres de interacmbios de experiencias entre áreas protegidas de la RECPA,1,"26.470,89","26.470,89",,,,,,,,,,,,,,,,,,,,,,,,,,,,,,"26.470,89",
1,2,6,2,1262,RAINFOREST,TALLERES_Y_CAPACITACIONES_RF,ALQUILER DE VEHICULOS,A4.3 / 6 / 6.2,Realizar talleres de interacmbios de experiencias entre áreas protegidas de la RECPA,1,"15.881,67","15.881,67",,,,,,,,,,,,,,,,,,,,,,,,,,,,,,"15.881,67",
1,2,6,2,1262,RAINFOREST,TALLERES_Y_CAPACITACIONES_RF,"PAGO PONTON, PEAJES, ETC.",A4.3 / 6 / 6.2,Realizar talleres de interacmbios de experiencias entre áreas protegidas de la RECPA,1,"29.284,17","29.284,17",,,,,,,,,,,,,,,,,,,,,,,,,,,,,,"29.284,17",
1,2,6,2,1262,RAINFOREST,TALLERES_Y_CAPACITACIONES_RF,SUMINISTROS DE OFICINA,A4.3 / 6 / 6.2,Realizar talleres de interacmbios de experiencias entre áreas protegidas de la RECPA,1,"27.762,67","27.762,67",,,,,,,,,,,,,,,,,,,,,,,,,,,,,,"27.762,67",
1,2,6,2,1262,RAINFOREST,VIAJES_RF,PASAJES AÉREOS NACIONALES,A4.3 / 7 / 7.10,Realizar talleres de interacmbios de experiencias entre áreas protegidas de la RECPA,1,"1.460,64","1.460,64",,,,,,,,,,,,,,,,,,,,,,,,,,,,,,"1.460,64",
1,2,6,2,1262,RAINFOREST,VIAJES_RF,PASAJES TERRESTRES NACIONALES,A4.3 / 7 / 7.10,Realizar talleres de interacmbios de experiencias entre áreas protegidas de la RECPA,1,"5.386,89","5.386,89",,,,,,,,,,,,,,,,,,,,,,,,,,,,,,"5.386,89",
1,2,6,2,1262,RAINFOREST,VIAJES_RF,COMBUSTIBLE,A4.3 / 7 / 7.10,Realizar talleres de interacmbios de experiencias entre áreas protegidas de la RECPA,1,"5.386,89","5.386,89",,,,,,,,,,,,,,,,,,,,,,,,,,,,,,"5.386,89",
1,2,6,2,1262,RAINFOREST,VIAJES_RF,ALQUILER VEHÍCULOS,A4.3 / 7 / 7.10,Realizar talleres de interacmbios de experiencias entre áreas protegidas de la RECPA,1,"5.386,89","5.386,89",,,,,,,,,,,,,,,,,,,,,,,,,,,,,,"5.386,89",
1,2,6,2,1262,RAINFOREST,VIAJES_RF,"PAGO PONTÓN, PEAJES, ETC",A4.3 / 7 / 7.10,Realizar talleres de interacmbios de experiencias entre áreas protegidas de la RECPA,1,"5.386,89","5.386,89",,,,,,,,,,,,,,,,,,,,,,,,,,,,,,"5.386,89",
1,2,6,2,1262,RAINFOREST,VIAJES_RF,VIÁTICOS,A4.3 / 7 / 7.10,Realizar talleres de interacmbios de experiencias entre áreas protegidas de la RECPA,1,"5.386,89","5.386,89",,,,,,,,,,,,,,,,,,,,,,,,,,,,,,"5.386,89",
1,2,6,2,1262,RAINFOREST,VIAJES_RF,HOSPEDAJE NACIONAL,A4.3 / 7 / 7.10,Realizar talleres de interacmbios de experiencias entre áreas protegidas de la RECPA,1,"5.386,89","5.386,89",,,,,,,,,,,,,,,,,,,,,,,,,,,,,,"5.386,89",
,,,,,,,,,,,,"0,00",,,,,,,,,,,,,,,,,,,,,,,,,,,,,,"0,00",
1,,,,1,,,,,,,,"0,00",,,,,,,,,,,,,,,,,,,,,,,,,,,,,,"0,00",
1,2,7,1,1271,AKAM_CCAM,LOCAL_PARTNER_ACTIVITIES,REUNIONES,1.1.3,Reuniones para presentacion de resultados.,1,"11.213,36","11.213,36",,,,,,,,,,,,,,,,,,,,,,,,,,,,,,"11.213,36",
1,2,7,1,1271,AKAM_CCAM,LOCAL_PARTNER_ACTIVITIES,TALLERES,1.2.1,Talleres de capacitaciones,7,"38.637,17","270.460,19",,,,,,,,,,,,,,,,,,,,,,,,,,,,,,"270.460,19",
1,2,7,1,1271,AKAM_CCAM,LOCAL_PARTNER_ACTIVITIES,TALLERES,1.2.2,Talleres de capacitaciones,3,"59.003,97","177.011,91",,,,,,,,,,,,,,,,,,,,,,,,,,,,,,"177.011,91",
1,2,7,1,1271,AKAM_CCAM,LOCAL_PARTNER_ACTIVITIES,TALLERES,1.4.1,Talleres de capacitaciones,2,"35.035,18","70.070,36",,,,,,,,,,,,,,,,,,,,,,,,,,,,,,"70.070,36",
1,2,7,1,1271,AKAM_CCAM,LOCAL_PARTNER_ACTIVITIES,TALLERES,2.1.1,Talleres de capacitaciones,3,"38.401,65","115.204,95",,,,,,,,,,,,,,,,,,,,,,,,,,,,,,"115.204,95",
1,2,7,1,1271,AKAM_CCAM,LOCAL_PARTNER_ACTIVITIES,TALLERES,2.1.2,Talleres de capacitaciones,2,"9.158,36","18.316,72",,,,,,,,,,,,,,,,,,,,,,,,,,,,,,"18.316,72",
1,2,7,1,1271,AKAM_CCAM,LOCAL_PARTNER_ACTIVITIES,SERVICIOS DE MANO DE OBRA,4.2,Mantenimiento de vehiculo,1,"3.641,24","3.641,24",,,,,,,,,,,,,,,,,,,,,,,,,,,,,,"3.641,24",
1,2,7,1,1271,AKAM_CCAM,LOCAL_PARTNER_ACTIVITIES,SEMINARIOS,2.1.3,Seminarios para exponer los resultados,2,"43.839,48","87.678,96",,,,,,,,,,,,,,,,,,,,,,,,,,,,,,"87.678,96",
1,2,7,1,1271,AKAM_CCAM,LOCAL_PARTNER_ACTIVITIES,SEMINARIOS,2.2.2,Seminarios para exponer los resultados,1,"45.727,70","45.727,70",,,,,,,,,,,,,,,,,,,,,,,,,,,,,,"45.727,70",
1,2,7,1,1271,AKAM_CCAM,LOCAL_PARTNER_ACTIVITIES,CUMBRES,2.2.1,Apoyo a 1 cumbre,1,"38.155,79","38.155,79",,,,,,,,,,,,,,,,,,,,,,,,,,,,,,"38.155,79",
1,2,7,1,1271,AKAM_CCAM,LOCAL_PARTNER_INVESTMENTS,EQUIPOS RIEGO,1.2.3/2.1,Implementacion de 1 sistema de agua y 5 atajados,6,"235.228,44","1.411.370,64",,,,,,,,,,,,,,,,,,,,,,,,,,,,,,"1.411.370,64",
1,2,10,1,12101,RAINFOREST,SERVICIOS_PROFESIONALES_Y_DE_CONSULTORÍA_RF,CONSULTORES,A2.8 / 2 / 2.3,Elaboración de 1 documento de mecanismos financieros para 9 áreas protegidas de Pando,1,"85.000,00","85.000,00",,,,,,,,,,,,,,,,,,,,,,,,,,,,,,"85.000,00",
1,2,10,1,12101,AAF9_PANDO,CONSULTORES_AAF,CONSULTOR 1,,Elaboración de 1 documento de mecanismos financieros para 9 áreas protegidas de Pando,1,"240.000,00","240.000,00",,,,,,,,,,,,,,,,,,,,,,,,,,,,,,"240.000,00",
1,2,10,1,12101,RE_WILD_2,CONSULTORES_REWILD,CONSULTORES,,Elaboración de 1 documento de mecanismos financieros para 9 áreas protegidas de Pando,1,"60.000,00","60.000,00",,,,,,,,,,,,,,,,,,,,,,,,,,,,,,"60.000,00",
1,2,10,1,12101,AFD,AFD_N_A,N/A,,Elaboración de 1 documento de mecanismos financieros para 9 áreas protegidas de Pando,1,"164.000,00","164.000,00",,,,,,,,,,,,,,,,,,,,,,,,,,,,,,"164.000,00",
2,1,2,1,2121,RAINFOREST,GESTIÓN_DE_ÁREAS_PROTEGIDAS_RF,ALIMENTACIÓN/ VIVERES,A1.2 / 4 / 4.4,"Realizar campañas de campo para relevar información socioeconómica y ambiental para sistemas de monitoreo de áreas protegidas Ingavi, San Pedro, Santos Mercado y Villa Nueva",1,"-487,97","-487,97",,,,,,,,,,,,,,,,,,,,,,,,,,,,,,"-487,97",
2,1,2,1,2121,RAINFOREST,GESTIÓN_DE_ÁREAS_PROTEGIDAS_RF,EQUIPO DE PROTECCIÓN PERSONAL,A1.2 / 4 / 4.4,"Realizar campañas de campo para relevar información socioeconómica y ambiental para sistemas de monitoreo de áreas protegidas Ingavi, San Pedro, Santos Mercado y Villa Nueva",1,"4.809,55","4.809,55",,,,,,,,,,,,,,,,,,,,,,,,,,,,,,"4.809,55",
2,1,2,1,2121,RAINFOREST,GESTIÓN_DE_ÁREAS_PROTEGIDAS_RF,HERRAMIENTAS VARIAS,A1.2 / 4 / 4.4,"Realizar campañas de campo para relevar información socioeconómica y ambiental para sistemas de monitoreo de áreas protegidas Ingavi, San Pedro, Santos Mercado y Villa Nueva",1,"3.846,02","3.846,02",,,,,,,,,,,,,,,,,,,,,,,,,,,,,,"3.846,02",
2,1,2,1,2121,RAINFOREST,GESTIÓN_DE_ÁREAS_PROTEGIDAS_RF,CONBUSTIBLE,A1.2 / 4 / 4.4,"Realizar campañas de campo para relevar información socioeconómica y ambiental para sistemas de monitoreo de áreas protegidas Ingavi, San Pedro, Santos Mercado y Villa Nueva",1,"5.312,76","5.312,76",,,,,,,,,,,,,,,,,,,,,,,,,,,,,,"5.312,76",
2,1,2,1,2121,RAINFOREST,GESTIÓN_DE_ÁREAS_PROTEGIDAS_RF,INSUMOS Y EQUIPAMIENTO,A1.2 / 4 / 4.4,"Realizar campañas de campo para relevar información socioeconómica y ambiental para sistemas de monitoreo de áreas protegidas Ingavi, San Pedro, Santos Mercado y Villa Nueva",1,"-588,98","-588,98",,,,,,,,,,,,,,,,,,,,,,,,,,,,,,"-588,98",
2,1,2,1,2121,RAINFOREST,GESTIÓN_DE_ÁREAS_PROTEGIDAS_RF,MANTENIMIENTO DE VEHICULOS,A1.2 / 4 / 4.4,"Realizar campañas de campo para relevar información socioeconómica y ambiental para sistemas de monitoreo de áreas protegidas Ingavi, San Pedro, Santos Mercado y Villa Nueva",1,"4.767,18","4.767,18",,,,,,,,,,,,,,,,,,,,,,,,,,,,,,"4.767,18",
2,1,2,1,2121,RAINFOREST,GESTIÓN_DE_ÁREAS_PROTEGIDAS_RF,HOSPEDAJE NACIONAL,A1.2 / 4 / 4.4,"Realizar campañas de campo para relevar información socioeconómica y ambiental para sistemas de monitoreo de áreas protegidas Ingavi, San Pedro, Santos Mercado y Villa Nueva",1,"5.113,69","5.113,69",,,,,,,,,,,,,,,,,,,,,,,,,,,,,,"5.113,69",
2,1,2,1,2121,RAINFOREST,GESTIÓN_DE_ÁREAS_PROTEGIDAS_RF,VIATICOS,A1.2 / 4 / 4.4,"Realizar campañas de campo para relevar información socioeconómica y ambiental para sistemas de monitoreo de áreas protegidas Ingavi, San Pedro, Santos Mercado y Villa Nueva",1,"2.980,07","2.980,07",,,,,,,,,,,,,,,,,,,,,,,,,,,,,,"2.980,07",
2,1,2,1,2121,RAINFOREST,GESTIÓN_DE_ÁREAS_PROTEGIDAS_RF,ALQUILER VEHICULOS,A1.2 / 4 / 4.4,"Realizar campañas de campo para relevar información socioeconómica y ambiental para sistemas de monitoreo de áreas protegidas Ingavi, San Pedro, Santos Mercado y Villa Nueva",1,"3.498,53","3.498,53",,,,,,,,,,,,,,,,,,,,,,,,,,,,,,"3.498,53",
2,1,2,1,2121,RAINFOREST,GESTIÓN_DE_ÁREAS_PROTEGIDAS_RF,"PAGO PONTOS, PEAJES, ETC.",A1.2 / 4 / 4.4,"Realizar campañas de campo para relevar información socioeconómica y ambiental para sistemas de monitoreo de áreas protegidas Ingavi, San Pedro, Santos Mercado y Villa Nueva",1,"5319,96","5.319,96",,,,,,,,,,,,,,,,,,,,,,,,,,,,,,"5.319,96",
2,1,2,1,2121,RAINFOREST,GESTIÓN_DE_ÁREAS_PROTEGIDAS_RF,GUIAS LOCALES,A1.2 / 4 / 4.4,"Realizar campañas de campo para relevar información socioeconómica y ambiental para sistemas de monitoreo de áreas protegidas Ingavi, San Pedro, Santos Mercado y Villa Nueva",1,"4.822,56","4.822,56",,,,,,,,,,,,,,,,,,,,,,,,,,,,,,"4.822,56",
2,1,2,1,2121,RAINFOREST,GESTIÓN_DE_ÁREAS_PROTEGIDAS_RF,ALIMENTACIÓN/ VIVERES,A2.3 / 4 / 4.4,Diseñar e implementar los sistemas de monitoreo integral,1,"25.000,00","25.000,00",,,,,,,,,,,,,,,,,,,,,,,,,,,,,,"25.000,00",
2,1,2,1,2121,RAINFOREST,GESTIÓN_DE_ÁREAS_PROTEGIDAS_RF,EQUIPO DE PROTECCIÓN PERSONAL,A2.3 / 4 / 4.4,Diseñar e implementar los sistemas de monitoreo integral,1,"20.196,69","20.196,69",,,,,,,,,,,,,,,,,,,,,,,,,,,,,,"20.196,69",
2,1,2,1,2121,RAINFOREST,GESTIÓN_DE_ÁREAS_PROTEGIDAS_RF,HERRAMIENTAS VARIAS,A2.3 / 4 / 4.4,Diseñar e implementar los sistemas de monitoreo integral,1,"30.000,00","30.000,00",,,,,,,,,,,,,,,,,,,,,,,,,,,,,,"30.000,00",
2,1,2,1,2121,RAINFOREST,GESTIÓN_DE_ÁREAS_PROTEGIDAS_RF,CONBUSTIBLE,A2.3 / 4 / 4.4,Diseñar e implementar los sistemas de monitoreo integral,1,"22.500,00","22.500,00",,,,,,,,,,,,,,,,,,,,,,,,,,,,,,"22.500,00",
2,1,2,1,2121,RAINFOREST,GESTIÓN_DE_ÁREAS_PROTEGIDAS_RF,INSUMOS Y EQUIPAMIENTO,A2.3 / 4 / 4.4,Diseñar e implementar los sistemas de monitoreo integral,1,"643,92","643,92",,,,,,,,,,,,,,,,,,,,,,,,,,,,,,"643,92",
2,1,2,1,2121,RAINFOREST,GESTIÓN_DE_ÁREAS_PROTEGIDAS_RF,MANTENIMIENTO DE VEHICULOS,A2.3 / 4 / 4.4,Diseñar e implementar los sistemas de monitoreo integral,1,"20.000,00","20.000,00",,,,,,,,,,,,,,,,,,,,,,,,,,,,,,"20.000,00",
2,1,2,1,2121,RAINFOREST,GESTIÓN_DE_ÁREAS_PROTEGIDAS_RF,HOSPEDAJE NACIONAL,A2.3 / 4 / 4.4,Diseñar e implementar los sistemas de monitoreo integral,1,"28.000,00","28.000,00",,,,,,,,,,,,,,,,,,,,,,,,,,,,,,"28.000,00",
2,1,2,1,2121,RAINFOREST,GESTIÓN_DE_ÁREAS_PROTEGIDAS_RF,VIATICOS,A2.3 / 4 / 4.4,Diseñar e implementar los sistemas de monitoreo integral,1,"25.000,00","25.000,00",,,,,,,,,,,,,,,,,,,,,,,,,,,,,,"25.000,00",
2,1,2,1,2121,RAINFOREST,GESTIÓN_DE_ÁREAS_PROTEGIDAS_RF,ALQUILER VEHICULOS,A2.3 / 4 / 4.4,Diseñar e implementar los sistemas de monitoreo integral,1,"30.000,00","30.000,00",,,,,,,,,,,,,,,,,,,,,,,,,,,,,,"30.000,00",
2,1,2,1,2121,RAINFOREST,GESTIÓN_DE_ÁREAS_PROTEGIDAS_RF,"PAGO PONTOS, PEAJES, ETC.",A2.3 / 4 / 4.4,Diseñar e implementar los sistemas de monitoreo integral,1,"15.000,00","15.000,00",,,,,,,,,,,,,,,,,,,,,,,,,,,,,,"15.000,00",
2,1,2,1,2121,RAINFOREST,GESTIÓN_DE_ÁREAS_PROTEGIDAS_RF,GUIAS LOCALES,A2.3 / 4 / 4.4,Diseñar e implementar los sistemas de monitoreo integral,1,"24.121,71","24.121,71",,,,,,,,,,,,,,,,,,,,,,,,,,,,,,"24.121,71",
2,1,2,1,2121,RAINFOREST,VIAJES_RF,PASAJES AÉREOS NACIONALES,A2.3 / 7 / 7.3,Diseñar e implementar los sistemas de monitoreo integral,1,"21.187,52","21.187,52",,,,,,,,,,,,,,,,,,,,,,,,,,,,,,"21.187,52",
2,1,2,1,2121,RAINFOREST,VIAJES_RF,PASAJES TERRESTRES NACIONALES,A2.3 / 7 / 7.3,Diseñar e implementar los sistemas de monitoreo integral,1,"7.851,72","7.851,72",,,,,,,,,,,,,,,,,,,,,,,,,,,,,,"7.851,72",
2,1,2,1,2121,RAINFOREST,VIAJES_RF,COMBUSTIBLE,A2.3 / 7 / 7.3,Diseñar e implementar los sistemas de monitoreo integral,1,"22420,84","22.420,84",,,,,,,,,,,,,,,,,,,,,,,,,,,,,,"22.420,84",
2,1,2,1,2121,RAINFOREST,VIAJES_RF,ALQUILER VEHÍCULOS,A2.3 / 7 / 7.3,Diseñar e implementar los sistemas de monitoreo integral,1,"23983,52","23.983,52",,,,,,,,,,,,,,,,,,,,,,,,,,,,,,"23.983,52",
2,1,2,1,2121,RAINFOREST,VIAJES_RF,"PAGO PONTÓN, PEAJES, ETC",A2.3 / 7 / 7.3,Diseñar e implementar los sistemas de monitoreo integral,1,15000,"15.000,00",,,,,,,,,,,,,,,,,,,,,,,,,,,,,,"15.000,00",
2,1,2,1,2121,RAINFOREST,VIAJES_RF,VIÁTICOS,A2.3 / 7 / 7.3,Diseñar e implementar los sistemas de monitoreo integral,1,"20134,36","20.134,36",,,,,,,,,,,,,,,,,,,,,,,,,,,,,,"20.134,36",
2,1,2,1,2121,RAINFOREST,VIAJES_RF,HOSPEDAJE NACIONAL,A2.3 / 7 / 7.3,Diseñar e implementar los sistemas de monitoreo integral,1,"22.622,99","22.622,99",,,,,,,,,,,,,,,,,,,,,,,,,,,,,,"22.622,99",
2,1,2,1,2121,RAINFOREST,VIAJES_RF,PASAJES AÉREOS NACIONALES,A2.3 / 7 / 7.4,Diseñar e implementar los sistemas de monitoreo integral,1,"13.275,11","13.275,11",,,,,,,,,,,,,,,,,,,,,,,,,,,,,,"13.275,11",
2,1,2,1,2121,RAINFOREST,VIAJES_RF,PASAJES TERRESTRES NACIONALES,A2.3 / 7 / 7.4,Diseñar e implementar los sistemas de monitoreo integral,1,"15.135,79","15.135,79",,,,,,,,,,,,,,,,,,,,,,,,,,,,,,"15.135,79",
2,1,2,1,2121,RAINFOREST,VIAJES_RF,COMBUSTIBLE,A2.3 / 7 / 7.4,Diseñar e implementar los sistemas de monitoreo integral,1,"16.049,94","16.049,94",,,,,,,,,,,,,,,,,,,,,,,,,,,,,,"16.049,94",
2,1,2,1,2121,RAINFOREST,VIAJES_RF,ALQUILER VEHÍCULOS,A2.3 / 7 / 7.4,Diseñar e implementar los sistemas de monitoreo integral,1,"15.651,85","15.651,85",,,,,,,,,,,,,,,,,,,,,,,,,,,,,,"15.651,85",
2,1,2,1,2121,RAINFOREST,VIAJES_RF,"PAGO PONTÓN, PEAJES, ETC",A2.3 / 7 / 7.4,Diseñar e implementar los sistemas de monitoreo integral,1,"13.837,75","13.837,75",,,,,,,,,,,,,,,,,,,,,,,,,,,,,,"13.837,75",
2,1,2,1,2121,RAINFOREST,VIAJES_RF,VIÁTICOS,A2.3 / 7 / 7.4,Diseñar e implementar los sistemas de monitoreo integral,1,"9.694,89","9.694,89",,,,,,,,,,,,,,,,,,,,,,,,,,,,,,"9.694,89",
2,1,2,1,2121,RAINFOREST,VIAJES_RF,HOSPEDAJE NACIONAL,A2.3 / 7 / 7.4,Diseñar e implementar los sistemas de monitoreo integral,1,"13.461,98","13.461,98",,,,,,,,,,,,,,,,,,,,,,,,,,,,,,"13.461,98",
2,1,,,21,,,,,,,,"0,00",,,,,,,,,,,,,,,,,,,,,,,,,,,,,,"0,00",
2,1,,,21,,,,,,,,"0,00",,,,,,,,,,,,,,,,,,,,,,,,,,,,,,"0,00",
2,1,3,1,2131,BID_PV,EQUIPAMIENTO,INSUMOS Y EQUIPAMIENTO,111,Analizar periódicamente la deforestación y quemas utilizando tecnología satelital en tiempo real (MAAP) - imagenes satelitales Planet,2,"113.740,00","227.480,00",,,,,,,,,,,,,,,,,,,,,,,,,,,,,,"227.480,00",
2,1,3,1,2131,BID_PV,EQUIPAMIENTO,INSUMOS Y EQUIPAMIENTO,111,Analizar periódicamente la deforestación y quemas utilizando tecnología satelital en tiempo real (MAAP) - servidor,1,"90.992,00","90.992,00",,,,,,,,,,,,,,,,,,,,,,,,,,,,,,"90.992,00",
2,1,3,1,2131,BID_PV,EQUIPAMIENTO,INSUMOS Y EQUIPAMIENTO,111,Analizar periódicamente la deforestación y quemas utilizando tecnología satelital en tiempo real (MAAP) - licencias,1,"15.073,00","15.073,00",,,,,,,,,,,,,,,,,,,,,,,,,,,,,,"15.073,00",
2,1,4,1,2141,BID_PV,VIAJES_BID_PV,VIÁTICOS CAMPO,112,"Evaluar poblaciones de especies de fauna seleccionadas (ej. jaguar, puma, chanchos de monte).",1,"11.113,00","11.113,00",,,,,,,,,,,,,,,,,,,,,,,,,,,,,,"11.113,00",
2,1,4,1,2141,BID_PV,VIAJES_BID_PV,COMBUSTIBLE,112,"Evaluar poblaciones de especies de fauna seleccionadas (ej. jaguar, puma, chanchos de monte).",1,"11.363,00","11.363,00",,,,,,,,,,,,,,,,,,,,,,,,,,,,,,"11.363,00",
2,1,4,1,2141,BID_PV,EQUIPAMIENTO,INSUMOS Y EQUIPAMIENTO,112,"Evaluar poblaciones de especies de fauna seleccionadas (ej. jaguar, puma, chanchos de monte) - cámaras trampa",1,"325.864,00","325.864,00",,,,,,,,,,,,,,,,,,,,,,,,,,,,,,"325.864,00",
2,1,4,1,2141,BID_PV,EQUIPAMIENTO,INSUMOS Y EQUIPAMIENTO,112,"Evaluar poblaciones de especies de fauna seleccionadas (ej. jaguar, puma, chanchos de monte) - baterias  cámaras trampa",1,"46.545,00","46.545,00",,,,,,,,,,,,,,,,,,,,,,,,,,,,,,"46.545,00",
2,1,4,1,2141,BID_PV,EQUIPAMIENTO,INSUMOS Y EQUIPAMIENTO,112,"Evaluar poblaciones de especies de fauna seleccionadas (ej. jaguar, puma, chanchos de monte) - sensores ",1,"46.545,00","46.545,00",,,,,,,,,,,,,,,,,,,,,,,,,,,,,,"46.545,00",
2,1,4,1,2141,BID_PV,GUIAS,GUIAS LOCALES,112,"Evaluar poblaciones de especies de fauna seleccionadas (ej. jaguar, puma, chanchos de monte).",1,"165.076,00","165.076,00",,,,,,,,,,,,,,,,,,,,,,,,,,,,,,"165.076,00",
2,1,4,1,2141,BID_PV,VIAJES_BID_PV,PASAJES TERRESTRES,112,"Evaluar poblaciones de especies de fauna seleccionadas (ej. jaguar, puma, chanchos de monte).",1,"41.215,00","41.215,00",,,,,,,,,,,,,,,,,,,,,,,,,,,,,,"41.215,00",
2,1,4,1,2141,SUECIA_PV,VIAJES_SUECIA_PV,VIÁTICOS,112,"Evaluar poblaciones de especies de fauna seleccionadas (ej. jaguar, puma, chanchos de monte).",1,"4.799,00","4.799,00",,,,,,,,,,,,,,,,,,,,,,,,,,,,,,"4.799,00",
2,1,4,1,2141,SUECIA_PV,VIAJES_SUECIA_PV,PASAJES AÉREOS NACIONALES,112,"Evaluar poblaciones de especies de fauna seleccionadas (ej. jaguar, puma, chanchos de monte).",1,"22.490,00","22.490,00",,,,,,,,,,,,,,,,,,,,,,,,,,,,,,"22.490,00",
2,1,4,1,2141,SUECIA_PV,VIAJES_SUECIA_PV,HOSPEDAJE NACIONAL,112,"Evaluar poblaciones de especies de fauna seleccionadas (ej. jaguar, puma, chanchos de monte).",1,"1.960,00","1.960,00",,,,,,,,,,,,,,,,,,,,,,,,,,,,,,"1.960,00",
2,2,1,1,2211,BID_PV,GUIAS,GUIAS LOCALES,113,"Implementar modelos de distribución de PFNM utilizando datos geoespaciales, datos de campo y algoritmos de inteligencia artificial.",1,"173.544,00","173.544,00",,,,,,,,,,,,,,,,,,,,,,,,,,,,,,"173.544,00",
2,2,1,1,2211,BID_PV,VIAJES_BID_PV,VIÁTICOS CAMPO,113,"Implementar modelos de distribución de PFNM utilizando datos geoespaciales, datos de campo y algoritmos de inteligencia artificial.",1,"8.677,00","8.677,00",,,,,,,,,,,,,,,,,,,,,,,,,,,,,,"8.677,00",
2,2,1,1,2211,BID_PV,VIAJES_BID_PV,COMBUSTIBLE,113,"Implementar modelos de distribución de PFNM utilizando datos geoespaciales, datos de campo y algoritmos de inteligencia artificial.",1,"7.955,00","7.955,00",,,,,,,,,,,,,,,,,,,,,,,,,,,,,,"7.955,00",
2,2,1,1,2211,BID_PV,VIAJES_BID_PV,VIÁTICOS,113,"Implementar modelos de distribución de PFNM utilizando datos geoespaciales, datos de campo y algoritmos de inteligencia artificial.",1,12892,"12.892,00",,,,,,,,,,,,,,,,,,,,,,,,,,,,,,"12.892,00",
2,2,1,1,2211,BID_PV,VIAJES_BID_PV,PASAJES AÉREOS NACIONALES,113,"Implementar modelos de distribución de PFNM utilizando datos geoespaciales, datos de campo y algoritmos de inteligencia artificial.",1,"18.182,00","18.182,00",,,,,,,,,,,,,,,,,,,,,,,,,,,,,,"18.182,00",
2,2,1,1,2211,BID_PV,VIAJES_BID_PV,HOSPEDAJE NACIONAL,113,"Implementar modelos de distribución de PFNM utilizando datos geoespaciales, datos de campo y algoritmos de inteligencia artificial.",1,"18.204,00","18.204,00",,,,,,,,,,,,,,,,,,,,,,,,,,,,,,"18.204,00",
2,2,1,1,2211,BID_PV,EQUIPAMIENTO,INSUMOS Y EQUIPAMIENTO,113,"Implementar modelos de distribución de PFNM utilizando datos geoespaciales, datos de campo y algoritmos de inteligencia artificial - insumos para ampliacion del servidor ",1,"39.258,00","39.258,00",,,,,,,,,,,,,,,,,,,,,,,,,,,,,,"39.258,00",
2,2,1,1,2211,BID_PV,EQUIPAMIENTO,INSUMOS Y EQUIPAMIENTO,113,"Implementar modelos de distribución de PFNM utilizando datos geoespaciales, datos de campo y algoritmos de inteligencia artificial -  drones",2,"94.783,00","189.566,00",,,,,,,,,,,,,,,,,,,,,,,,,,,,,,"189.566,00",
2,2,1,1,2211,BID_PV,EQUIPAMIENTO,INSUMOS Y EQUIPAMIENTO,113,"Implementar modelos de distribución de PFNM utilizando datos geoespaciales, datos de campo y algoritmos de inteligencia artificial -  licencias",1,"11.374,00","11.374,00",,,,,,,,,,,,,,,,,,,,,,,,,,,,,,"11.374,00",
2,2,1,1,2211,BID_PV,VIAJES_BID_PV,PASAJES TERRESTRES NACIONALES,113,"Implementar modelos de distribución de PFNM utilizando datos geoespaciales, datos de campo y algoritmos de inteligencia artificial  ",1,"30.910,00","30.910,00",,,,,,,,,,,,,,,,,,,,,,,,,,,,,,"30.910,00",
2,2,1,1,2211,SUECIA_PV,COMUNICACIÓN_Y_DIFUSIÓN,IMPRESIONES,113,"Implementar modelos de distribución de PFNM utilizando datos geoespaciales, datos de campo y algoritmos de inteligencia artificial  ",1,"83.879,00","83.879,00",,,,,,,,,,,,,,,,,,,,,,,,,,,,,,"83.879,00",
2,2,1,2,2212,RAINFOREST,GESTIÓN_DE_ÁREAS_PROTEGIDAS_RF,ALIMENTACIÓN/ VIVERES,A3.1 / 4 / 4.3,Realizar campañas de campo para evaluar potencial productivo,1,"33.912,28","33.912,28",,,,,,,,,,,,,,,,,,,,,,,,,,,,,,"33.912,28",
2,2,1,2,2212,RAINFOREST,GESTIÓN_DE_ÁREAS_PROTEGIDAS_RF,EQUIPO DE PROTECCIÓN PERSONAL,A3.1 / 4 / 4.3,Realizar campañas de campo para evaluar potencial productivo,1,"30.000,00","30.000,00",,,,,,,,,,,,,,,,,,,,,,,,,,,,,,"30.000,00",
2,2,1,2,2212,RAINFOREST,GESTIÓN_DE_ÁREAS_PROTEGIDAS_RF,HERRAMIENTAS VARIAS,A3.1 / 4 / 4.3,Realizar campañas de campo para evaluar potencial productivo,1,"30.000,00","30.000,00",,,,,,,,,,,,,,,,,,,,,,,,,,,,,,"30.000,00",
2,2,1,2,2212,RAINFOREST,GESTIÓN_DE_ÁREAS_PROTEGIDAS_RF,CONBUSTIBLE,A3.1 / 4 / 4.3,Realizar campañas de campo para evaluar potencial productivo,1,"40.000,00","40.000,00",,,,,,,,,,,,,,,,,,,,,,,,,,,,,,"40.000,00",
2,2,1,2,2212,RAINFOREST,GESTIÓN_DE_ÁREAS_PROTEGIDAS_RF,INSUMOS Y EQUIPAMIENTO,A3.1 / 4 / 4.3,Realizar campañas de campo para evaluar potencial productivo,1,"35.890,19","35.890,19",,,,,,,,,,,,,,,,,,,,,,,,,,,,,,"35.890,19",
2,2,1,2,2212,RAINFOREST,GESTIÓN_DE_ÁREAS_PROTEGIDAS_RF,MANTENIMIENTO DE VEHICULOS,A3.1 / 4 / 4.3,Realizar campañas de campo para evaluar potencial productivo,1,"40.000,00","40.000,00",,,,,,,,,,,,,,,,,,,,,,,,,,,,,,"40.000,00",
2,2,1,2,2212,RAINFOREST,GESTIÓN_DE_ÁREAS_PROTEGIDAS_RF,HOSPEDAJE NACIONAL,A3.1 / 4 / 4.3,Realizar campañas de campo para evaluar potencial productivo,1,"45.000,00","45.000,00",,,,,,,,,,,,,,,,,,,,,,,,,,,,,,"45.000,00",
2,2,1,2,2212,RAINFOREST,GESTIÓN_DE_ÁREAS_PROTEGIDAS_RF,VIATICOS,A3.1 / 4 / 4.3,Realizar campañas de campo para evaluar potencial productivo,1,"45.000,00","45.000,00",,,,,,,,,,,,,,,,,,,,,,,,,,,,,,"45.000,00",
2,2,1,2,2212,RAINFOREST,GESTIÓN_DE_ÁREAS_PROTEGIDAS_RF,ALQUILER VEHICULOS,A3.1 / 4 / 4.3,Realizar campañas de campo para evaluar potencial productivo,1,"40.000,00","40.000,00",,,,,,,,,,,,,,,,,,,,,,,,,,,,,,"40.000,00",
2,2,1,2,2212,RAINFOREST,GESTIÓN_DE_ÁREAS_PROTEGIDAS_RF,"PAGO PONTOS, PEAJES, ETC.",A3.1 / 4 / 4.3,Realizar campañas de campo para evaluar potencial productivo,1,"20.000,00","20.000,00",,,,,,,,,,,,,,,,,,,,,,,,,,,,,,"20.000,00",
2,2,1,2,2212,RAINFOREST,GESTIÓN_DE_ÁREAS_PROTEGIDAS_RF,GUIAS LOCALES,A3.1 / 4 / 4.3,Realizar campañas de campo para evaluar potencial productivo,1,"45.000,00","45.000,00",,,,,,,,,,,,,,,,,,,,,,,,,,,,,,"45.000,00",
2,2,1,2,2212,RAINFOREST,EQUIPOS_Y_SUMINISTROS_RF,EQUIPOS,A3.1 / 5 / 5.1,Realizar campañas de campo para evaluar potencial productivo,1,"7.860,56","7.860,56",,,,,,,,,,,,,,,,,,,,,,,,,,,,,,"7.860,56",
2,2,1,2,2212,RAINFOREST,EQUIPOS_Y_SUMINISTROS_RF,SUMINISTROS DE PROYECTO,A3.1 / 5 / 5.1,Realizar campañas de campo para evaluar potencial productivo,1,"4.298,06","4.298,06",,,,,,,,,,,,,,,,,,,,,,,,,,,,,,"4.298,06",
2,2,1,2,2212,RAINFOREST,EQUIPOS_Y_SUMINISTROS_RF,HERRAMIENTAS VARIAS,A3.1 / 5 / 5.1,Realizar campañas de campo para evaluar potencial productivo,1,"7.860,56","7.860,56",,,,,,,,,,,,,,,,,,,,,,,,,,,,,,"7.860,56",
2,2,1,2,2212,RAINFOREST,EQUIPOS_Y_SUMINISTROS_RF,EQUIPO DE PROTECCIÓN PERSONAL,A3.1 / 5 / 5.1,Realizar campañas de campo para evaluar potencial productivo,1,"7.860,56","7.860,56",,,,,,,,,,,,,,,,,,,,,,,,,,,,,,"7.860,56",
2,2,1,2,2212,RAINFOREST,EQUIPOS_Y_SUMINISTROS_RF,SUMINISTROS DE OFICINA,A3.1 / 5 / 5.1,Realizar campañas de campo para evaluar potencial productivo,1,"7.860,55","7.860,55",,,,,,,,,,,,,,,,,,,,,,,,,,,,,,"7.860,55",
2,2,,,22,,,,,,,,"0,00",,,,,,,,,,,,,,,,,,,,,,,,,,,,,,"0,00",
2,2,,,22,,,,,,,,"0,00",,,,,,,,,,,,,,,,,,,,,,,,,,,,,,"0,00",
2,2,2,1,2221,BID_PV,CONSULTORIAS,CONSULTORES,114,Complementar los sistemas de alerta temprana de producción de frutos y generar reportes.,1,"18.679,00","18.679,00",,,,,,,,,,,,,,,,,,,,,,,,,,,,,,"18.679,00",
2,2,2,1,2221,BID_PV,GUIAS,GUIAS LOCALES,114,Complementar los sistemas de alerta temprana de producción de frutos y generar reportes.,1,13163,"13.163,00",,,,,,,,,,,,,,,,,,,,,,,,,,,,,,"13.163,00",
2,2,2,1,2221,BID_PV,TALLERES_BID_PV,TALLERES,114,Complementar los sistemas de alerta temprana de producción de frutos y generar reportes.,1,"47.184,00","47.184,00",,,,,,,,,,,,,,,,,,,,,,,,,,,,,,"47.184,00",
2,2,2,1,2221,BID_PV,VIAJES_BID_PV,COMBUSTIBLE,114,Complementar los sistemas de alerta temprana de producción de frutos y generar reportes.,1,"4.905,00","4.905,00",,,,,,,,,,,,,,,,,,,,,,,,,,,,,,"4.905,00",
2,2,2,1,2221,BID_PV,EQUIPAMIENTO,INSUMOS Y EQUIPAMIENTO,114,Complementar los sistemas de alerta temprana de producción de frutos y generar reportes. - insumos para la instalación de estaciones,1,"14.445,00","14.445,00",,,,,,,,,,,,,,,,,,,,,,,,,,,,,,"14.445,00",
2,2,2,1,2221,BID_PV,EQUIPAMIENTO,INSUMOS Y EQUIPAMIENTO,114,Complementar los sistemas de alerta temprana de producción de frutos y generar reportes. - licencias,1,"13.700,00","13.700,00",,,,,,,,,,,,,,,,,,,,,,,,,,,,,,"13.700,00",
2,2,2,1,2221,BID_PV,VIAJES_BID_PV,PASAJES AÉREOS NACIONALES,114,Complementar los sistemas de alerta temprana de producción de frutos y generar reportes. ,1,10733,"10.733,00",,,,,,,,,,,,,,,,,,,,,,,,,,,,,,"10.733,00",
2,2,2,1,2221,BID_PV,VIAJES_BID_PV,HOSPEDAJE,114,Complementar los sistemas de alerta temprana de producción de frutos y generar reportes. ,1,"2.249,00","2.249,00",,,,,,,,,,,,,,,,,,,,,,,,,,,,,,"2.249,00",
2,2,2,1,2221,BID_PV,VIAJES_BID_PV,PASAJES TERRESTRES NACIONALES,114,Complementar los sistemas de alerta temprana de producción de frutos y generar reportes. ,1,"24.904,00","24.904,00",,,,,,,,,,,,,,,,,,,,,,,,,,,,,,"24.904,00",
2,2,2,1,2221,BID_PV,VIAJES_BID_PV,VIÁTICOS CAMPO,114,Complementar los sistemas de alerta temprana de producción de frutos y generar reportes. ,1,"415,00","415,00",,,,,,,,,,,,,,,,,,,,,,,,,,,,,,"415,00",
2,2,2,1,2221,SUECIA_PV,COMUNICACIÓN_Y_DIFUSIÓN,IMPRESIONES,114,Complementar los sistemas de alerta temprana de producción de frutos y generar reportes. ,1,"41.325,00","41.325,00",,,,,,,,,,,,,,,,,,,,,,,,,,,,,,"41.325,00",
2,2,2,2,2222,BID_PV,VIAJES_BID_PV,PASAJES TERRESTRES,115,Contribuir al establecimiento de una línea de base inicial de reservas de carbono.,1,"643,00","643,00",,,,,,,,,,,,,,,,,,,,,,,,,,,,,,"643,00",
2,2,2,2,2222,BID_PV,VIAJES_BID_PV,HOSPEDAJE,115,Contribuir al establecimiento de una línea de base inicial de reservas de carbono.,1,"300,00","300,00",,,,,,,,,,,,,,,,,,,,,,,,,,,,,,"300,00",
2,2,2,2,2222,BID_PV,VIAJES_BID_PV,PASAAJES AÉREOS,115,Contribuir al establecimiento de una línea de base inicial de reservas de carbono.,1,"1.790,00","1.790,00",,,,,,,,,,,,,,,,,,,,,,,,,,,,,,"1.790,00",
2,2,2,2,2222,BID_PV,CONSULTORIAS,CONSULTORES,115,Contribuir al establecimiento de una línea de base inicial de reservas de carbono. - modelamiento GEI,1,"127.013,00","127.013,00",,,,,,,,,,,,,,,,,,,,,,,,,,,,,,"127.013,00",
2,2,2,2,2222,SUECIA_PV,VIAJES_SUECIA_PV,COMBUSTIBLE,115,Contribuir al establecimiento de una línea de base inicial de reservas de carbono. - modelamiento GEI,1,"979,00","979,00",,,,,,,,,,,,,,,,,,,,,,,,,,,,,,"979,00",
2,2,3,1,2231,BID_PV,TALLERES_BID_PV,TALLERES,116,"Generar un módulo para incluir información sobre mercados, precios y características de las organizaciones productivas del Departamento",1,"50.344,00","50.344,00",,,,,,,,,,,,,,,,,,,,,,,,,,,,,,"50.344,00",
2,2,3,1,2231,BID_PV,IMPRESIONES,IMPRESIONES,116,"Generar un módulo para incluir información sobre mercados, precios y características de las organizaciones productivas del Departamento",1,30331,"30.331,00",,,,,,,,,,,,,,,,,,,,,,,,,,,,,,"30.331,00",
2,2,3,1,2231,BID_PV,VIAJES_BID_PV,PASAJES AÉREOS NACIONALES,116,"Generar un módulo para incluir información sobre mercados, precios y características de las organizaciones productivas del Departamento",1,"20.611,00","20.611,00",,,,,,,,,,,,,,,,,,,,,,,,,,,,,,"20.611,00",
2,2,3,1,2231,SUECIA_PV,COMUNICACIÓN_Y_DIFUSIÓN,IMPRESIONES,116,"Generar un módulo para incluir información sobre mercados, precios y características de las organizaciones productivas del Departamento",1,"33.647,00","33.647,00",,,,,,,,,,,,,,,,,,,,,,,,,,,,,,"33.647,00",
3,1,1,1,3111,BID_PV,TALLERES_BID_PV,TALLERES,211,,1,"1.200,00","1.200,00",,,,,,,,,,,,,,,,,,,,,,,,,,,,,,"1.200,00",
3,,,,3,SUECIA_PV,COSTOS_VEHÍCULOS,MOVILIDADES,,,,,"0,00",,,,,,,,,,,,,,,,,,,,,,,,,,,,,,"0,00",
3,1,1,1,3111,BID_PV,TALLERES_BID_PV,TALLERES,211,Fortalecimiento de capacidades en buenas prácticas de recolección y almacenamiento de frutos.,1,"46.590,00","46.590,00",,,,,,,,,,,,,,,,,,,,,,,,,,,,,,"46.590,00",
3,1,1,1,3111,BID_PV,VIAJES_BID_PV,VIÁTICOS,211,Fortalecimiento de capacidades en buenas prácticas de recolección y almacenamiento de frutos.,1,"8.472,00","8.472,00",,,,,,,,,,,,,,,,,,,,,,,,,,,,,,"8.472,00",
3,1,1,1,3111,BID_PV,VIAJES_BID_PV,COMBUSTIBLE,211,Fortalecimiento de capacidades en buenas prácticas de recolección y almacenamiento de frutos.,1,"1.546,00","1.546,00",,,,,,,,,,,,,,,,,,,,,,,,,,,,,,"1.546,00",
3,1,1,1,3111,BID_PV,VIAJES_BID_PV,PASAJES TERRESTRES,211,Fortalecimiento de capacidades en buenas prácticas de recolección y almacenamiento de frutos.,1,"22.798,00","22.798,00",,,,,,,,,,,,,,,,,,,,,,,,,,,,,,"22.798,00",
3,1,1,1,3111,SUECIA_PV,VIAJES_SUECIA_PV,VIÁTICOS,211,Fortalecimiento de capacidades en buenas prácticas de recolección y almacenamiento de frutos.,1,"3.335,00","3.335,00",,,,,,,,,,,,,,,,,,,,,,,,,,,,,,"3.335,00",
3,1,1,1,3111,SUECIA_PV,VIAJES_SUECIA_PV,PASAJES TERRESTRES NACIONALES,211,Fortalecimiento de capacidades en buenas prácticas de recolección y almacenamiento de frutos.,1,"3.170,00","3.170,00",,,,,,,,,,,,,,,,,,,,,,,,,,,,,,"3.170,00",
3,1,1,1,3111,SUECIA_PV,VIAJES_SUECIA_PV,PASAJES AÉREOS NACIONALES,211,Fortalecimiento de capacidades en buenas prácticas de recolección y almacenamiento de frutos.,1,"2.622,00","2.622,00",,,,,,,,,,,,,,,,,,,,,,,,,,,,,,"2.622,00",
3,1,1,1,3111,SUECIA_PV,VIAJES_SUECIA_PV,HOSPEDAJE NACIONAL,211,Fortalecimiento de capacidades en buenas prácticas de recolección y almacenamiento de frutos.,1,"797,00","797,00",,,,,,,,,,,,,,,,,,,,,,,,,,,,,,"797,00",
3,1,1,1,3111,SUECIA_PV,COMUNICACIÓN_Y_DIFUSIÓN,IMPRESIONES,211,Fortalecimiento de capacidades en buenas prácticas de recolección y almacenamiento de frutos.,1,"25.149,00","25.149,00",,,,,,,,,,,,,,,,,,,,,,,,,,,,,,"25.149,00",
3,1,1,2,3112,BID_PV,TALLERES_BID_PV,TALLERES,211,Fortalecimiento de capacidades en buenas prácticas de recolección y almacenamiento de frutos.,1,"31.060,00","31.060,00",,,,,,,,,,,,,,,,,,,,,,,,,,,,,,"31.060,00",
3,1,1,2,3112,BID_PV,VIAJES_BID_PV,VIÁTICOS,211,Fortalecimiento de capacidades en buenas prácticas de recolección y almacenamiento de frutos.,1,"5.648,00","5.648,00",,,,,,,,,,,,,,,,,,,,,,,,,,,,,,"5.648,00",
3,1,1,2,3112,BID_PV,VIAJES_BID_PV,COMBUSTIBLE,211,Fortalecimiento de capacidades en buenas prácticas de recolección y almacenamiento de frutos.,1,"1.031,00","1.031,00",,,,,,,,,,,,,,,,,,,,,,,,,,,,,,"1.031,00",
3,1,1,2,3112,BID_PV,VIAJES_BID_PV,PASAJES TERRESTRES,211,Fortalecimiento de capacidades en buenas prácticas de recolección y almacenamiento de frutos.,1,"15.198,00","15.198,00",,,,,,,,,,,,,,,,,,,,,,,,,,,,,,"15.198,00",
3,1,1,2,3112,SUECIA_PV,VIAJES_SUECIA_PV,VIÁTICOS,211,Fortalecimiento de capacidades en buenas prácticas de recolección y almacenamiento de frutos.,1,"2.223,00","2.223,00",,,,,,,,,,,,,,,,,,,,,,,,,,,,,,"2.223,00",
3,1,1,2,3112,SUECIA_PV,VIAJES_SUECIA_PV,PASAJES TERRESTRES NACIONALES,211,Fortalecimiento de capacidades en buenas prácticas de recolección y almacenamiento de frutos.,1,"2.113,00","2.113,00",,,,,,,,,,,,,,,,,,,,,,,,,,,,,,"2.113,00",
3,1,1,2,3112,SUECIA_PV,VIAJES_SUECIA_PV,PASAJES AÉREOS NACIONALES,211,Fortalecimiento de capacidades en buenas prácticas de recolección y almacenamiento de frutos.,1,"1.748,00","1.748,00",,,,,,,,,,,,,,,,,,,,,,,,,,,,,,"1.748,00",
3,1,1,2,3112,SUECIA_PV,COMUNICACIÓN_Y_DIFUSIÓN,IMPRESIONES,211,Fortalecimiento de capacidades en buenas prácticas de recolección y almacenamiento de frutos.,1,"16.766,00","16.766,00",,,,,,,,,,,,,,,,,,,,,,,,,,,,,,"16.766,00",
3,1,1,2,3112,RAINFOREST,SERVICIOS_PROFESIONALES_Y_DE_CONSULTORÍA_RF,CONSULTORES,A3.3 / 2 / 2.4,"Apoyo a la elabopración de planes de manejo en San pedro, Ingavi, Santos Mercado  y Villa Nueva",1,"16.474,69","16.474,69",,,,,,,,,,,,,,,,,,,,,,,,,,,,,,"16.474,69",
3,1,1,2,3112,AFD,ESTUDIOS_CONSULTORIAS_AFD,CONS. PLANES COMUN. PFNM,211,Fortalecer el manejo sostenible de bosques .,1,"710.872,00","710.872,00",,,,,,,,,,,,,,,,,,,,,,,,,,,,,,"710.872,00",
3,,,,3,,,,,,,,"0,00",,,,,,,,,,,,,,,,,,,,,,,,,,,,,,"0,00",
3,,,,3,,,,,,,,"0,00",,,,,,,,,,,,,,,,,,,,,,,,,,,,,,"0,00",
3,,,,3,,,,,,,,"0,00",,,,,,,,,,,,,,,,,,,,,,,,,,,,,,"0,00",
3,1,2,1,3121,BID_PV,TALLERES_BID_PV,TALLERES,211,Fortalecimiento de capacidades en buenas prácticas de recolección y almacenamiento de frutos.,1,"77.649,00","77.649,00",,,,,,,,,,,,,,,,,,,,,,,,,,,,,,"77.649,00",
3,1,2,1,3121,BID_PV,VIAJES_BID_PV,VIÁTICOS,211,Fortalecimiento de capacidades en buenas prácticas de recolección y almacenamiento de frutos.,1,"14.119,00","14.119,00",,,,,,,,,,,,,,,,,,,,,,,,,,,,,,"14.119,00",
3,1,2,1,3121,BID_PV,VIAJES_BID_PV,COMBUSTIBLE,211,Fortalecimiento de capacidades en buenas prácticas de recolección y almacenamiento de frutos.,1,"2.577,00","2.577,00",,,,,,,,,,,,,,,,,,,,,,,,,,,,,,"2.577,00",
3,1,2,1,3121,BID_PV,VIAJES_BID_PV,PASAJES TERRESTRES,211,Fortalecimiento de capacidades en buenas prácticas de recolección y almacenamiento de frutos.,1,"37.996,00","37.996,00",,,,,,,,,,,,,,,,,,,,,,,,,,,,,,"37.996,00",
3,1,2,1,3121,BID_PV,EQUIPAMIENTO,INSUMOS Y EQUIPAMIENTO,211,Fortalecimiento de capacidades en buenas prácticas de recolección y almacenamiento de frutos.,1,"51.639,00","51.639,00",,,,,,,,,,,,,,,,,,,,,,,,,,,,,,"51.639,00",
3,1,2,1,3121,SUECIA_PV,VIAJES_SUECIA_PV,VIÁTICOS,211,Fortalecimiento de capacidades en buenas prácticas de recolección y almacenamiento de frutos.,1,"5.558,00","5.558,00",,,,,,,,,,,,,,,,,,,,,,,,,,,,,,"5.558,00",
3,1,2,1,3121,SUECIA_PV,VIAJES_SUECIA_PV,PASAJES TERRESTRES NACIONALES,211,Fortalecimiento de capacidades en buenas prácticas de recolección y almacenamiento de frutos.,1,"5.284,00","5.284,00",,,,,,,,,,,,,,,,,,,,,,,,,,,,,,"5.284,00",
3,1,2,1,3121,SUECIA_PV,VIAJES_SUECIA_PV,PASAJES AÉREOS NACIONALES,211,Fortalecimiento de capacidades en buenas prácticas de recolección y almacenamiento de frutos.,1,"4.369,00","4.369,00",,,,,,,,,,,,,,,,,,,,,,,,,,,,,,"4.369,00",
3,1,2,1,3121,SUECIA_PV,COMUNICACIÓN_Y_DIFUSIÓN,IMPRESIONES,211,Fortalecimiento de capacidades en buenas prácticas de recolección y almacenamiento de frutos.,1,"41.915,00","41.915,00",,,,,,,,,,,,,,,,,,,,,,,,,,,,,,"41.915,00",
3,1,2,1,3121,RAINFOREST,TALLERES_Y_CAPACITACIONES_RF,CAPACITADORES,A3.4 / 6 / 6.3,"Talleres en manejo sustentable del bosque, fortalecimiento organizacional, manejo administrativo, estrategias de mercado",1,"6.077,86","6.077,86",,,,,,,,,,,,,,,,,,,,,,,,,,,,,,"6.077,86",
3,1,2,1,3121,RAINFOREST,TALLERES_Y_CAPACITACIONES_RF,SUMINISTROS DE OFICINA,A3.4 / 6 / 6.3,"Talleres en manejo sustentable del bosque, fortalecimiento organizacional, manejo administrativo, estrategias de mercado",1,"7.047,01","7.047,01",,,,,,,,,,,,,,,,,,,,,,,,,,,,,,"7.047,01",
3,1,2,1,3121,RAINFOREST,TALLERES_Y_CAPACITACIONES_RF,ALIMENTACION/VIVERES,A3.4 / 6 / 6.3,"Talleres en manejo sustentable del bosque, fortalecimiento organizacional, manejo administrativo, estrategias de mercado",1,"4.365,91","4.365,91",,,,,,,,,,,,,,,,,,,,,,,,,,,,,,"4.365,91",
3,1,2,1,3121,RAINFOREST,TALLERES_Y_CAPACITACIONES_RF,COMBUSTIBLE,A3.4 / 6 / 6.3,"Talleres en manejo sustentable del bosque, fortalecimiento organizacional, manejo administrativo, estrategias de mercado",1,"7.748,26","7.748,26",,,,,,,,,,,,,,,,,,,,,,,,,,,,,,"7.748,26",
3,1,2,1,3121,RAINFOREST,TALLERES_Y_CAPACITACIONES_RF,VIATICOS,A3.4 / 6 / 6.3,"Talleres en manejo sustentable del bosque, fortalecimiento organizacional, manejo administrativo, estrategias de mercado",1,"7.748,26","7.748,26",,,,,,,,,,,,,,,,,,,,,,,,,,,,,,"7.748,26",
3,1,2,1,3121,RAINFOREST,TALLERES_Y_CAPACITACIONES_RF,PASAJES TERRESTRES NACIONALES,A3.4 / 6 / 6.3,"Talleres en manejo sustentable del bosque, fortalecimiento organizacional, manejo administrativo, estrategias de mercado",1,"7.748,26","7.748,26",,,,,,,,,,,,,,,,,,,,,,,,,,,,,,"7.748,26",
3,1,2,1,3121,RAINFOREST,TALLERES_Y_CAPACITACIONES_RF,HOSPEDAJE NACIONAL,A3.4 / 6 / 6.3,"Talleres en manejo sustentable del bosque, fortalecimiento organizacional, manejo administrativo, estrategias de mercado",1,"7.748,26","7.748,26",,,,,,,,,,,,,,,,,,,,,,,,,,,,,,"7.748,26",
3,1,2,1,3121,RAINFOREST,TALLERES_Y_CAPACITACIONES_RF,ALQUILER DE VEHICULOS,A3.4 / 6 / 6.3,"Talleres en manejo sustentable del bosque, fortalecimiento organizacional, manejo administrativo, estrategias de mercado",1,"7.748,26","7.748,26",,,,,,,,,,,,,,,,,,,,,,,,,,,,,,"7.748,26",
3,1,2,1,3121,RAINFOREST,TALLERES_Y_CAPACITACIONES_RF,"PAGO PONTON, PEAJES, ETC.",A3.4 / 6 / 6.3,"Talleres en manejo sustentable del bosque, fortalecimiento organizacional, manejo administrativo, estrategias de mercado",1,"7.178,79","7.178,79",,,,,,,,,,,,,,,,,,,,,,,,,,,,,,"7.178,79",
3,1,2,1,3121,RAINFOREST,TALLERES_Y_CAPACITACIONES_RF,ALQUILER DE SALON,A3.4 / 6 / 6.3,"Talleres en manejo sustentable del bosque, fortalecimiento organizacional, manejo administrativo, estrategias de mercado",1,"7.748,26","7.748,26",,,,,,,,,,,,,,,,,,,,,,,,,,,,,,"7.748,26",
3,1,2,1,3121,RAINFOREST,VIAJES_RF,COMBUSTIBLE,A3.4 / 7 / 7.7,Viajes para personal de ACEAA para promover manejo sostenible de recursos naturales,1,"3.876,06","3.876,06",,,,,,,,,,,,,,,,,,,,,,,,,,,,,,"3.876,06",
3,1,2,1,3121,RAINFOREST,VIAJES_RF,VIÁTICOS,A3.4 / 7 / 7.7,Viajes para personal de ACEAA para promover manejo sostenible de recursos naturales,1,"1.531,11","1.531,11",,,,,,,,,,,,,,,,,,,,,,,,,,,,,,"1.531,11",
3,1,2,1,3121,RAINFOREST,VIAJES_RF,PASAJES TERRESTRES NACIONALES,A3.4 / 7 / 7.7,Viajes para personal de ACEAA para promover manejo sostenible de recursos naturales,1,"2.342,10","2.342,10",,,,,,,,,,,,,,,,,,,,,,,,,,,,,,"2.342,10",
3,1,2,1,3121,RAINFOREST,VIAJES_RF,PASAJES AÉREOS NACIONALES,A3.4 / 7 / 7.7,Viajes para personal de ACEAA para promover manejo sostenible de recursos naturales,1,"2.729,99","2.729,99",,,,,,,,,,,,,,,,,,,,,,,,,,,,,,"2.729,99",
3,1,2,1,3121,RAINFOREST,VIAJES_RF,HOSPEDAJE NACIONAL,A3.4 / 7 / 7.7,Viajes para personal de ACEAA para promover manejo sostenible de recursos naturales,1,"2.399,24","2.399,24",,,,,,,,,,,,,,,,,,,,,,,,,,,,,,"2.399,24",
3,1,2,1,3121,RAINFOREST,VIAJES_RF,ALQUILER VEHÍCULOS,A3.4 / 7 / 7.7,Viajes para personal de ACEAA para promover manejo sostenible de recursos naturales,1,"4.583,99","4.583,99",,,,,,,,,,,,,,,,,,,,,,,,,,,,,,"4.583,99",
3,1,2,1,3121,RAINFOREST,VIAJES_RF,"PAGO PONTÓN, PEAJES, ETC",A3.4 / 7 / 7.7,Viajes para personal de ACEAA para promover manejo sostenible de recursos naturales,1,"4.292,78","4.292,78",,,,,,,,,,,,,,,,,,,,,,,,,,,,,,"4.292,78",
3,1,2,1,3121,RAINFOREST,EQUIPOS_Y_SUMINISTROS_RF,SUMINISTROS DE OFICINA,A3.4 / 4  4.5,Promover buenas prácticas de cosecha de frutos y de pesca,1,"0,00","0,00",,,,,,,,,,,,,,,,,,,,,,,,,,,,,,"0,00",
3,1,2,1,3121,RAINFOREST,EQUIPOS_Y_SUMINISTROS_RF,EQUIPOS,A3.4 / 4  4.5,Promover buenas prácticas de cosecha de frutos y de pesca,1,"901,85","901,85",,,,,,,,,,,,,,,,,,,,,,,,,,,,,,"901,85",
3,1,2,1,3121,RAINFOREST,EQUIPOS_Y_SUMINISTROS_RF,SUMINISTROS DE PROYECTO,A3.4 / 4  4.5,Promover buenas prácticas de cosecha de frutos y de pesca,1,"1.184,05","1.184,05",,,,,,,,,,,,,,,,,,,,,,,,,,,,,,"1.184,05",
3,1,2,1,3121,RAINFOREST,EQUIPOS_Y_SUMINISTROS_RF,EQUIPO DE PROTECCIÓN PERSONAL,A3.4 / 4  4.5,Promover buenas prácticas de cosecha de frutos y de pesca,1,"1.184,05","1.184,05",,,,,,,,,,,,,,,,,,,,,,,,,,,,,,"1.184,05",
3,1,2,1,3121,RAINFOREST,EQUIPOS_Y_SUMINISTROS_RF,HERRAMIENTAS VARIAS,A3.4 / 4  4.5,Promover buenas prácticas de cosecha de frutos y de pesca,1,"1.184,05","1.184,05",,,,,,,,,,,,,,,,,,,,,,,,,,,,,,"1.184,05",
3,,,,3,,,,,,,,"0,00",,,,,,,,,,,,,,,,,,,,,,,,,,,,,,"0,00",
3,2,1,2,3212,BID_PV,TALLERES_BID_PV,TALLERES,122,Fortalecer capacidades organizativas y de gestión de la FEDAFAP y FACOAP ,1,"27.768,00","27.768,00",,,,,,,,,,,,,,,,,,,,,,,,,,,,,,"27.768,00",
3,2,1,2,3212,BID_PV,VIAJES_BID_PV,PASAJES TERRESTRES,122,Fortalecer capacidades organizativas y de gestión de la FEDAFAP y FACOAP ,1,"22.995,00","22.995,00",,,,,,,,,,,,,,,,,,,,,,,,,,,,,,"22.995,00",
3,2,1,2,3212,SUECIA_PV,VIAJES_SUECIA_PV,PASAJES TERRESTRES NACIONALES,122,Fortalecer capacidades organizativas y de gestión de la FEDAFAP y FACOAP ,1,"6.454,00","6.454,00",,,,,,,,,,,,,,,,,,,,,,,,,,,,,,"6.454,00",
3,2,1,2,3212,SUECIA_PV,VIAJES_SUECIA_PV,COMBUSTIBLE,122,Fortalecer capacidades organizativas y de gestión de la FEDAFAP y FACOAP ,1,"1.612,00","1.612,00",,,,,,,,,,,,,,,,,,,,,,,,,,,,,,"1.612,00",
3,2,1,2,3212,SUECIA_PV,VIAJES_SUECIA_PV,VIÁTICOS,122,Fortalecer capacidades organizativas y de gestión de la FEDAFAP y FACOAP ,1,"13.027,00","13.027,00",,,,,,,,,,,,,,,,,,,,,,,,,,,,,,"13.027,00",
3,2,1,2,3212,SUECIA_PV,VIAJES_SUECIA_PV,PASAJES AÉREOS NACIONALES,122,Fortalecer capacidades organizativas y de gestión de la FEDAFAP y FACOAP ,1,"41.912,00","41.912,00",,,,,,,,,,,,,,,,,,,,,,,,,,,,,,"41.912,00",
3,2,1,2,3212,SUECIA_PV,VIAJES_SUECIA_PV,HOSPEDAJE NACIONAL,122,Fortalecer capacidades organizativas y de gestión de la FEDAFAP y FACOAP ,1,"24.354,00","24.354,00",,,,,,,,,,,,,,,,,,,,,,,,,,,,,,"24.354,00",
3,2,1,2,3212,SUECIA_PV,COMUNICACIÓN_Y_DIFUSIÓN,IMPRESIONES,122,Fortalecer capacidades organizativas y de gestión de la FEDAFAP y FACOAP ,1,"29.018,00","29.018,00",,,,,,,,,,,,,,,,,,,,,,,,,,,,,,"29.018,00",
3,2,2,1,3221,BID_PV,VIAJES_BID_PV,VIÁTICOS CAMPO,221,"Adecuar las plantas procesadoras, complementando los equipos para la transformación de otros frutos amazónicos.",1,"7.437,00","7.437,00",,,,,,,,,,,,,,,,,,,,,,,,,,,,,,"7.437,00",
3,2,2,1,3221,BID_PV,VIAJES_BID_PV,COMBUSTIBLE,221,"Adecuar las plantas procesadoras, complementando los equipos para la transformación de otros frutos amazónicos.",1,"3.408,00","3.408,00",,,,,,,,,,,,,,,,,,,,,,,,,,,,,,"3.408,00",
3,2,2,1,3221,BID_PV,EQUIPAMIENTO,INSUMOS Y EQUIPAMIENTO,221,"Adecuar las plantas procesadoras, complementando los equipos para la transformación de otros frutos amazónicos.",1,"170.323,00","170.323,00",,,,,,,,,,,,,,,,,,,,,,,,,,,,,,"170.323,00",
3,2,2,2,3222,BID_PV,TALLERES_BID_PV,TALLERES,212 - 223, Fortalecimiento de capacidades en buenas prácticas de transformación de PFNM y Brindar asistencia técnica para la estandarización de los procesos de transformación primaria.,1,"71.200,00","71.200,00",,,,,,,,,,,,,,,,,,,,,,,,,,,,,,"71.200,00",
3,2,2,2,3222,BID_PV,VIAJES_BID_PV,VIÁTICOS CAMPO,212 - 223, Fortalecimiento de capacidades en buenas prácticas de transformación de PFNM y Brindar asistencia técnica para la estandarización de los procesos de transformación primaria.,1,"32.426,00","32.426,00",,,,,,,,,,,,,,,,,,,,,,,,,,,,,,"32.426,00",
3,2,2,2,3222,BID_PV,VIAJES_BID_PV,COMBUSTIBLE,212 - 223, Fortalecimiento de capacidades en buenas prácticas de transformación de PFNM y Brindar asistencia técnica para la estandarización de los procesos de transformación primaria.,1,"12.557,00","12.557,00",,,,,,,,,,,,,,,,,,,,,,,,,,,,,,"12.557,00",
3,2,2,2,3222,SUECIA_PV,COMUNICACIÓN_Y_DIFUSIÓN,IMPRESIONES,212 - 223, Fortalecimiento de capacidades en buenas prácticas de transformación de PFNM y Brindar asistencia técnica para la estandarización de los procesos de transformación primaria.,1,"110.041,00","110.041,00",,,,,,,,,,,,,,,,,,,,,,,,,,,,,,"110.041,00",
3,2,2,2,3222,SUECIA_PV,COMUNICACIÓN_Y_DIFUSIÓN,MATERIAL DE DIFUSIÓN,212 - 223, Fortalecimiento de capacidades en buenas prácticas de transformación de PFNM y Brindar asistencia técnica para la estandarización de los procesos de transformación primaria.,1,"11.858,00","11.858,00",,,,,,,,,,,,,,,,,,,,,,,,,,,,,,"11.858,00",
3,2,3,2,3232,RAINFOREST,GESTIÓN_DE_ÁREAS_PROTEGIDAS_RF,CAPACITADORES,A3.4 / 4 / 4.5,Actividades para la conformación de emprendimientos de PFNM y otros,1,"31.191,34","31.191,34",,,,,,,,,,,,,,,,,,,,,,,,,,,,,,"31.191,34",
3,2,3,2,3232,RAINFOREST,GESTIÓN_DE_ÁREAS_PROTEGIDAS_RF,LABORATORIO,A3.4 / 4 / 4.5,Actividades para la conformación de emprendimientos de PFNM y otros,1,"31.191,34","31.191,34",,,,,,,,,,,,,,,,,,,,,,,,,,,,,,"31.191,34",
3,2,3,2,3232,RAINFOREST,GESTIÓN_DE_ÁREAS_PROTEGIDAS_RF,PASAJES TERRESTRES NACIONALES,A3.4 / 4 / 4.5,Actividades para la conformación de emprendimientos de PFNM y otros,1,"25.391,59","25.391,59",,,,,,,,,,,,,,,,,,,,,,,,,,,,,,"25.391,59",
3,2,3,2,3232,RAINFOREST,GESTIÓN_DE_ÁREAS_PROTEGIDAS_RF,ALIMENTACIÓN/ VIVERES,A3.4 / 4 / 4.5,Actividades para la conformación de emprendimientos de PFNM y otros,1,"29.630,13","29.630,13",,,,,,,,,,,,,,,,,,,,,,,,,,,,,,"29.630,13",
3,2,3,2,3232,RAINFOREST,GESTIÓN_DE_ÁREAS_PROTEGIDAS_RF,ALQUILER SALON,A3.4 / 4 / 4.5,Actividades para la conformación de emprendimientos de PFNM y otros,1,"25.391,59","25.391,59",,,,,,,,,,,,,,,,,,,,,,,,,,,,,,"25.391,59",
3,2,3,2,3232,RAINFOREST,GESTIÓN_DE_ÁREAS_PROTEGIDAS_RF,EQUIPOS DE PRODUCCIÓN,A3.4 / 4 / 4.5,Actividades para la conformación de emprendimientos de PFNM y otros,1,"31.191,34","31.191,34",,,,,,,,,,,,,,,,,,,,,,,,,,,,,,"31.191,34",
3,2,3,2,3232,RAINFOREST,GESTIÓN_DE_ÁREAS_PROTEGIDAS_RF,HERRAMIENTAS VARIAS,A3.4 / 4 / 4.5,Actividades para la conformación de emprendimientos de PFNM y otros,1,"29.616,34","29.616,34",,,,,,,,,,,,,,,,,,,,,,,,,,,,,,"29.616,34",
3,2,3,2,3232,RAINFOREST,GESTIÓN_DE_ÁREAS_PROTEGIDAS_RF,MATERIAL DE CONSTRUCCIÓN,A3.4 / 4 / 4.5,Actividades para la conformación de emprendimientos de PFNM y otros,1,"31.191,34","31.191,34",,,,,,,,,,,,,,,,,,,,,,,,,,,,,,"31.191,34",
3,2,3,2,3232,RAINFOREST,GESTIÓN_DE_ÁREAS_PROTEGIDAS_RF,CERTIFICACIÓN ORGANICA,A3.4 / 4 / 4.5,Actividades para la conformación de emprendimientos de PFNM y otros,1,"31.203,44","31.203,44",,,,,,,,,,,,,,,,,,,,,,,,,,,,,,"31.203,44",
3,2,3,2,3232,RAINFOREST,VIAJES_RF,COMBUSTIBLE,A3.4 / 7 / 7.7,Actividades para la conformación de emprendimientos de PFNM y otros,1,"3.876,06","3.876,06",,,,,,,,,,,,,,,,,,,,,,,,,,,,,,"3.876,06",
3,2,3,2,3232,RAINFOREST,VIAJES_RF,VIÁTICOS,A3.4 / 7 / 7.7,Actividades para la conformación de emprendimientos de PFNM y otros,1,"1.531,11","1.531,11",,,,,,,,,,,,,,,,,,,,,,,,,,,,,,"1.531,11",
3,2,3,2,3232,RAINFOREST,VIAJES_RF,PASAJES TERRESTRES NACIONALES,A3.4 / 7 / 7.7,Actividades para la conformación de emprendimientos de PFNM y otros,1,"2.342,10","2.342,10",,,,,,,,,,,,,,,,,,,,,,,,,,,,,,"2.342,10",
3,2,3,2,3232,RAINFOREST,VIAJES_RF,PASAJES AÉREOS NACIONALES,A3.4 / 7 / 7.7,Actividades para la conformación de emprendimientos de PFNM y otros,1,"2.729,99","2.729,99",,,,,,,,,,,,,,,,,,,,,,,,,,,,,,"2.729,99",
3,2,3,2,3232,RAINFOREST,VIAJES_RF,HOSPEDAJE NACIONAL,A3.4 / 7 / 7.7,Actividades para la conformación de emprendimientos de PFNM y otros,1,"2.399,24","2.399,24",,,,,,,,,,,,,,,,,,,,,,,,,,,,,,"2.399,24",
3,2,3,2,3232,RAINFOREST,VIAJES_RF,ALQUILER VEHÍCULOS,A3.4 / 7 / 7.7,Actividades para la conformación de emprendimientos de PFNM y otros,1,"4.583,99","4.583,99",,,,,,,,,,,,,,,,,,,,,,,,,,,,,,"4.583,99",
3,2,3,2,3232,RAINFOREST,VIAJES_RF,"PAGO PONTÓN, PEAJES, ETC",A3.4 / 7 / 7.7,Actividades para la conformación de emprendimientos de PFNM y otros,1,"4.292,78","4.292,78",,,,,,,,,,,,,,,,,,,,,,,,,,,,,,"4.292,78",
3,,,,3,,,,,,,,"0,00",,,,,,,,,,,,,,,,,,,,,,,,,,,,,,"0,00",
3,3,1,1,3311,BID_PV,TALLERES_BID_PV,TALLERES,213, Fortalecimiento de capacidades en gestión de negocios de PFNM.,1,"20.669,00","20.669,00",,,,,,,,,,,,,,,,,,,,,,,,,,,,,,"20.669,00",
3,3,1,1,3311,BID_PV,VIAJES_BID_PV,VIÁTICOS,213, Fortalecimiento de capacidades en gestión de negocios de PFNM.,1,"10.413,00","10.413,00",,,,,,,,,,,,,,,,,,,,,,,,,,,,,,"10.413,00",
3,3,1,1,3311,BID_PV,VIAJES_BID_PV,COMBUSTIBLE,213, Fortalecimiento de capacidades en gestión de negocios de PFNM.,1,"9.782,00","9.782,00",,,,,,,,,,,,,,,,,,,,,,,,,,,,,,"9.782,00",
3,3,1,1,3311,SUECIA_PV,VIAJES_SUECIA_PV,PASAJES AÉREOS NACIONALES,213,Fortalecimiento de capacidades en gestión de negocios de PFNM,1,"20.318,00","20.318,00",,,,,,,,,,,,,,,,,,,,,,,,,,,,,,"20.318,00",
3,3,1,1,3311,SUECIA_PV,VIAJES_SUECIA_PV,HOSPEDAJE NACIONAL,213,Fortalecimiento de capacidades en gestión de negocios de PFNM,1,"24.073,00","24.073,00",,,,,,,,,,,,,,,,,,,,,,,,,,,,,,"24.073,00",
3,3,1,1,3311,SUECIA_PV,COMUNICACIÓN_Y_DIFUSIÓN,IMPRESIONES,214,Fortalecimiento de capacidades en gestión de negocios de PFNM,1,"25.333,00","25.333,00",,,,,,,,,,,,,,,,,,,,,,,,,,,,,,"25.333,00",
3,3,2,1,3321,BID_PV,TALLERES_BID_PV,TALLERES,231,Fortalecer las capaciadades de las asociaciones para vincularse a los mercados y promover su vinculación a organizaciones que ofrecen financiamiento (créditos u otros mecanismos).,1,"19.526,00","19.526,00",,,,,,,,,,,,,,,,,,,,,,,,,,,,,,"19.526,00",
3,3,2,1,3321,BID_PV,VIAJES_BID_PV,VIÁTICOS,231,Fortalecer las capaciadades de las asociaciones para vincularse a los mercados y promover su vinculación a organizaciones que ofrecen financiamiento (créditos u otros mecanismos).,1,"8.275,00","8.275,00",,,,,,,,,,,,,,,,,,,,,,,,,,,,,,"8.275,00",
3,3,2,1,3321,BID_PV,VIAJES_BID_PV,PASAJES TERRESTRES NACIONALES,231,Fortalecer las capaciadades de las asociaciones para vincularse a los mercados y promover su vinculación a organizaciones que ofrecen financiamiento (créditos u otros mecanismos).,1,"4.122,00","4.122,00",,,,,,,,,,,,,,,,,,,,,,,,,,,,,,"4.122,00",
3,3,2,1,3321,BID_PV,VIAJES_BID_PV,PASAJES AÉREOS NACIONALES,231,Fortalecer las capaciadades de las asociaciones para vincularse a los mercados y promover su vinculación a organizaciones que ofrecen financiamiento (créditos u otros mecanismos).,1,"41.257,00","41.257,00",,,,,,,,,,,,,,,,,,,,,,,,,,,,,,"41.257,00",
3,3,2,1,3321,BID_PV,VIAJES_BID_PV,HOSPEDAJE NACIONAL,231,Fortalecer las capaciadades de las asociaciones para vincularse a los mercados y promover su vinculación a organizaciones que ofrecen financiamiento (créditos u otros mecanismos).,1,"14.410,00","14.410,00",,,,,,,,,,,,,,,,,,,,,,,,,,,,,,"14.410,00",
3,3,3,1,3331,BID_PV,VIAJES_BID_PV,VIÁTICOS,232,Promover el posicionamiento de los recursos del bosque de Pando con eventos comerciales en localidades priorizadas,1,"10.235,00","10.235,00",,,,,,,,,,,,,,,,,,,,,,,,,,,,,,"10.235,00",
3,3,3,1,3331,BID_PV,VIAJES_BID_PV,PASAJES TERRESTRES NACIONALES,232,Promover el posicionamiento de los recursos del bosque de Pando con eventos comerciales en localidades priorizadas,1,"3.985,00","3.985,00",,,,,,,,,,,,,,,,,,,,,,,,,,,,,,"3.985,00",
3,3,3,1,3331,BID_PV,VIAJES_BID_PV,PASAJES AÉREOS NACIONALES,232,Promover el posicionamiento de los recursos del bosque de Pando con eventos comerciales en localidades priorizadas,1,"21.475,00","21.475,00",,,,,,,,,,,,,,,,,,,,,,,,,,,,,,"21.475,00",
3,3,3,1,3331,BID_PV,VIAJES_BID_PV,HOSPEDAJE NACIONAL,232,Promover el posicionamiento de los recursos del bosque de Pando con eventos comerciales en localidades priorizadas,1,"2.071,00","2.071,00",,,,,,,,,,,,,,,,,,,,,,,,,,,,,,"2.071,00",
3,3,3,1,3331,BID_PV,TALLERES_BID_PV,REUNIONES Y TALLERES EMPREND. PRODUC.,232,Promover el posicionamiento de los recursos del bosque de Pando con eventos comerciales en localidades priorizadas,1,"50.535,00","50.535,00",,,,,,,,,,,,,,,,,,,,,,,,,,,,,,"50.535,00",
3,4,2,1,3421,AKAM_CCAM,LOCAL_PARTNER_ACTIVITIES,CAPACITADORES,1.4.3,Organizaciòn y equipamiento para reforestaciones en las comunidades (CIPLA y comunidades campesinas),1,"47.212,45","47.212,45",,,,,,,,,,,,,,,,,,,,,,,,,,,,,,"47.212,45",
3,4,2,1,3421,AKAM_CCAM,LOCAL_PARTNER_INVESTMENTS,EQUIPOS RIEGO,2.2,Implementaciòn y equipamiento de viveros comunales,1,"1.247,66","1.247,66",,,,,,,,,,,,,,,,,,,,,,,,,,,,,,"1.247,66",
3,,,,3,,,,,,,,"0,00",,,,,,,,,,,,,,,,,,,,,,,,,,,,,,"0,00",
3,5,2,2,3522,BID_PV,CONSULTORIAS,CONSULTORES,222,Optimizar los procesos de transformación: uso adecuado agua y promoviendo uso de energía renovable.,1,"242.645,00","242.645,00",,,,,,,,,,,,,,,,,,,,,,,,,,,,,,"242.645,00",
3,5,2,2,3522,BID_PV,VIAJES_BID_PV,COMBUSTIBLE,222,Optimizar los procesos de transformación: uso adecuado agua y promoviendo uso de energía renovable.,1,"3.753,00","3.753,00",,,,,,,,,,,,,,,,,,,,,,,,,,,,,,"3.753,00",
4,1,2,1,4121,IIED,TALLERES_IIED,TALLERES,D1,Talleres y capacitaciones (8),1,"89.700,00","89.700,00",,,,,,,,,,,,,,,,,,,,,,,,,,,,,,,
4,1,2,1,4121,IIED,VIAJES_Y_CAMPO,GASTOS DE VIAJE CAMPO,C2,Viajes nacionales (8),1,"40.700,00","40.700,00",,,,,,,,,,,,,,,,,,,,,,,,,,,,,,,
4,1,2,1,4121,IIED,TALLERES_IIED,TALLERES,C1,Viaje internacional (1),1,"107.349,60","107.349,60",,,,,,,,,,,,,,,,,,,,,,,,,,,,,,,
4,,,,4,,,,,,,,"0,00",,,,,,,,,,,,,,,,,,,,,,,,,,,,,,,
4,1,3,1,4131,IIED,CONSULTORIAS_IIED,CONSULTORES,B5,,1,"35.229,09","35.229,09",,,,,,,,,,,,,,,,,,,,,,,,,,,,,,,
4,,,,4,,,,,,,,"0,00",,,,,,,,,,,,,,,,,,,,,,,,,,,,,,,
4,2,3,4,4234,IIED,TALLERES_IIED,TALLERES,D1,Ejecución de Planes de Acción (),1,"87.951,63","87.951,63",,,,,,,,,,,,,,,,,,,,,,,,,,,,,,,
4,2,3,4,4234,IIED,VIAJES_Y_CAMPO,GASTOS DE VIAJE CAMPO,C2,Viaje nacional para el monitoreo,1,"6.000,00","6.000,00",,,,,,,,,,,,,,,,,,,,,,,,,,,,,,,
4,2,3,4,4234,IIED,TALLERES_IIED,TALLERES,D1,Monitoreo de los planes de acción y otros,1,"1.000,00","1.000,00",,,,,,,,,,,,,,,,,,,,,,,,,,,,,,,
4,,,,4,AFD,VIAJES_AFD,,,,,,"0,00",,,,,,,,,,,,,,,,,,,,,,,,,,,,,,,
4,1,4,1,4141,BID_PV,CONSULTORIAS,CONSULTORES,133,"Consultoria en desarrollo de una estrategia de posicionamiento de la economia basada en bosque del departamento de Pando, que incluya organización de eventos de posicionamiento a nivel naciona",1,"761.511,00","761.511,00",,,,,,,,,,,,,,,,,,,,,,,,,,,,,,,
4,1,4,1,4141,BID_PV,TALLERES_BID_PV,TALLERES,133,"Consultoria en desarrollo de una estrategia de posicionamiento de la economia basada en bosque del departamento de Pando, que incluya organización de eventos de posicionamiento a nivel naciona",1,"10.607,00","10.607,00",,,,,,,,,,,,,,,,,,,,,,,,,,,,,,,
4,2,2,1,4221,BID_PV,CONSULTORIAS,CONSULTORES,132,"Elaborar estrategia de sostenibilidad financiera para cuatro PFNM priorizados, identificando diversos mecanismos.",1,"227.479,00","227.479,00",,,,,,,,,,,,,,,,,,,,,,,,,,,,,,,
4,3,2,1,4321,BID_PV,TALLERES_BID_PV,TALLERES,121,"Realizar reuniones de las mesas de trabajo y la asamblea general de la PICFA, para la toma decisiones a escala departamental sobre el manejo de PFNM",1,"89.852,00","89.852,00",,,,,,,,,,,,,,,,,,,,,,,,,,,,,,,
4,3,2,1,4321,BID_PV,VIAJES_BID_PV,VIÁTICOS TERCEROS,121,"Realizar reuniones de las mesas de trabajo y la asamblea general de la PICFA, para la toma decisiones a escala departamental sobre el manejo de PFNM",1,"69.369,00","69.369,00",,,,,,,,,,,,,,,,,,,,,,,,,,,,,,,
4,3,2,1,4321,BID_PV,VIAJES_BID_PV,HOSPEDAJE TERCEROS,121,"Realizar reuniones de las mesas de trabajo y la asamblea general de la PICFA, para la toma decisiones a escala departamental sobre el manejo de PFNM",1,"74.450,00","74.450,00",,,,,,,,,,,,,,,,,,,,,,,,,,,,,,,
4,3,2,1,4321,BID_PV,VIAJES_BID_PV,COMBUSTIBLE,121,"Realizar reuniones de las mesas de trabajo y la asamblea general de la PICFA, para la toma decisiones a escala departamental sobre el manejo de PFNM",1,"3.671,00","3.671,00",,,,,,,,,,,,,,,,,,,,,,,,,,,,,,,
4,3,2,1,4321,BID_PV,VIAJES_BID_PV,PASAJES TERRESTRES NACIONALES,121,"Realizar reuniones de las mesas de trabajo y la asamblea general de la PICFA, para la toma decisiones a escala departamental sobre el manejo de PFNM",1,"60.529,00","60.529,00",,,,,,,,,,,,,,,,,,,,,,,,,,,,,,,
4,3,2,1,4321,SUECIA_PV,TALLERES_SUECIA_PV,TALLERES,121,"Realizar reuniones de las mesas de trabajo y la asamblea general de la PICFA, para la toma decisiones a escala departamental sobre el manejo de PFNM",1,"38.779,00","38.779,00",,,,,,,,,,,,,,,,,,,,,,,,,,,,,,,
4,3,2,1,4321,SUECIA_PV,VIAJES_SUECIA_PV,VIÁTICOS,121,"Realizar reuniones de las mesas de trabajo y la asamblea general de la PICFA, para la toma decisiones a escala departamental sobre el manejo de PFNM",1,"2.726,00","2.726,00",,,,,,,,,,,,,,,,,,,,,,,,,,,,,,,
4,3,2,1,4321,SUECIA_PV,VIAJES_SUECIA_PV,HOSPEDAJE NACIONAL,121,"Realizar reuniones de las mesas de trabajo y la asamblea general de la PICFA, para la toma decisiones a escala departamental sobre el manejo de PFNM",1,"2.984,00","2.984,00",,,,,,,,,,,,,,,,,,,,,,,,,,,,,,,
4,3,2,1,4321,SUECIA_PV,VIAJES_SUECIA_PV,COMBUSTIBLE,121,"Realizar reuniones de las mesas de trabajo y la asamblea general de la PICFA, para la toma decisiones a escala departamental sobre el manejo de PFNM",1,"2.360,00","2.360,00",,,,,,,,,,,,,,,,,,,,,,,,,,,,,,,
4,3,2,1,4321,SUECIA_PV,VIAJES_SUECIA_PV,PASAJES TERRESTRES NACIONALES,121,"Realizar reuniones de las mesas de trabajo y la asamblea general de la PICFA, para la toma decisiones a escala departamental sobre el manejo de PFNM",1,"2.265,00","2.265,00",,,,,,,,,,,,,,,,,,,,,,,,,,,,,,,
4,3,2,1,4321,SUECIA_PV,VIAJES_SUECIA_PV,PASAJES AÉREOS NACIONALES,121,"Realizar reuniones de las mesas de trabajo y la asamblea general de la PICFA, para la toma decisiones a escala departamental sobre el manejo de PFNM",1,"1.487,00","1.487,00",,,,,,,,,,,,,,,,,,,,,,,,,,,,,,,
4,3,2,1,4321,SUECIA_PV,CONSULTORIAS_Y_O_SERVICIOS,CONSULTORES,121,"Realizar reuniones de las mesas de trabajo y la asamblea general de la PICFA, para la toma decisiones a escala departamental sobre el manejo de PFNM",1,"49.679,00","49.679,00",,,,,,,,,,,,,,,,,,,,,,,,,,,,,,,
5,,,,5,,,,,,,,"0,00",,,,,,,,,,,,,,,,,,,,,,,,,,,,,,"0,00",
5,,,,5,,,,,,,,"0,00",,,,,,,,,,,,,,,,,,,,,,,,,,,,,,"0,00",
5,,,,5,,,,,,,,"0,00",,,,,,,,,,,,,,,,,,,,,,,,,,,,,,"0,00",
5,,,,5,,,,,,,,"0,00",,,,,,,,,,,,,,,,,,,,,,,,,,,,,,"0,00",
5,,,,5,,,,,,,,"0,00",,,,,,,,,,,,,,,,,,,,,,,,,,,,,,"0,00",
5,,,,5,,,,,,,,"0,00",,,,,,,,,,,,,,,,,,,,,,,,,,,,,,"0,00",
5,,,,5,,,,,,,,"0,00",,,,,,,,,,,,,,,,,,,,,,,,,,,,,,"0,00",
TOTAL,,,,,,,,,,,,"11.867.203,78",,,,,,,,,,,,,,,,,,,,,,,,,,,,,,"10.101.525,46",
,,,,,,,,,,,,"11.867.203,78",,,,,,,,,,,,,,,,,,,,,,,,,,,,,,,