AAF_FORT,MATERIALES_DE_DIVULGACION,MATERIALES DE PROMOCION Y COMUNICACION
AAF_FORT,EQUIPOS_Y_SUMINISTROS_AAF,INSUMOS Y EQUIPAMIENTO
AAF_FORT,TALLERES_Y_REUNIONES,TALLERES
AAF_FORT,VIAJES_AAF,COMBUSTIBLE
AAF_FORT,VIAJES_AAF,HOSPEDAJE NACIONAL
AAF_FORT,VIAJES_AAF,PASAJES AEREOS NACIONALES
AAF_FORT,VIAJES_AAF,PASAJES TERRESTRES NACIONALES
AAF_FORT,VIAJES_AAF,VIATICOS
AAF_FORT,CONSULTORES_AAF,CONSULTOR 1
AAF_FORT,CONSULTORES_AAF,CONSULTOR 2
AAF_FORT,CONSULTORES_AAF,CONSULTOR 3
AAF_FORT,CONSULTORES_AAF,COORDINADOR ESTRATEGICO BENI
AAF_FORT,CONSULTORES_AAF,TECNICO AREAS PROTEGIDAS BENI
AAF_FORT,CONSULTORES_AAF,TECNICO ENLACE-BENI
AAF_FORT,PERSONAL_AAF,COORDINADOR DE COMUNICACION ESTRATEGICA
AAF_FORT,PERSONAL_AAF,DIRECTOR DE CIENCIA Y TECNOLOGIA
AAF_FORT,PERSONAL_AAF,DIRECTOR DE EMPODERAMIENTO LOCAL
AAF_FORT,PERSONAL_AAF,DIRECTOR DE ESPACIOS DE CONSERVACION
AAF_FORT,PERSONAL_AAF,DIRECTOR EJECUTIVO
AAF_FORT,PERSONAL_AAF,DIRECTOR TECNICO
AAF_FORT,PERSONAL_AAF,SUBDIRECTOR DE PROGRAMAS
AAF_FORT,COSTOS_DE_OFICINA,COSTOS INDIRECTOS
AAF9_BENI,MATERIALES_DE_DIVULGACION,MATERIALES DE PROMOCION Y COMUNICACION
AAF9_BENI,EQUIPOS_Y_SUMINISTROS_AAF,INSUMOS Y EQUIPAMIENTO
AAF9_BENI,TALLERES_Y_REUNIONES,TALLERES
AAF9_BENI,VIAJES_AAF,COMBUSTIBLE
AAF9_BENI,VIAJES_AAF,HOSPEDAJE NACIONAL
AAF9_BENI,VIAJES_AAF,PASAJES AEREOS NACIONALES
AAF9_BENI,VIAJES_AAF,PASAJES TERRESTRES NACIONALES
AAF9_BENI,VIAJES_AAF,VIATICOS
AAF9_BENI,CONSULTORES_AAF,CONSULTOR 1
AAF9_BENI,CONSULTORES_AAF,CONSULTOR 2
AAF9_BENI,CONSULTORES_AAF,CONSULTOR 3
AAF9_BENI,CONSULTORES_AAF,COORDINADOR ESTRATEGICO BENI
AAF9_BENI,CONSULTORES_AAF,TECNICO AREAS PROTEGIDAS BENI
AAF9_BENI,CONSULTORES_AAF,TECNICO ENLACE-BENI
AAF9_BENI,PERSONAL_AAF,COORDINADOR DE COMUNICACION ESTRATEGICA
AAF9_BENI,PERSONAL_AAF,DIRECTOR DE CIENCIA Y TECNOLOGIA
AAF9_BENI,PERSONAL_AAF,DIRECTOR DE EMPODERAMIENTO LOCAL
AAF9_BENI,PERSONAL_AAF,DIRECTOR DE ESPACIOS DE CONSERVACION
AAF9_BENI,PERSONAL_AAF,DIRECTOR EJECUTIVO
AAF9_BENI,PERSONAL_AAF,DIRECTOR TECNICO
AAF9_BENI,PERSONAL_AAF,SUBDIRECTOR DE PROGRAMAS
AAF9_BENI,COSTOS_DE_OFICINA,COSTOS INDIRECTOS
AAF9_PANDO,MATERIALES_DE_DIVULGACION,MATERIALES DE PROMOCION Y COMUNICACION
AAF9_PANDO,EQUIPOS_Y_SUMINISTROS_AAF,INSUMOS Y EQUIPAMIENTO
AAF9_PANDO,TALLERES_Y_REUNIONES,TALLERES
AAF9_PANDO,VIAJES_AAF,COMBUSTIBLE
AAF9_PANDO,VIAJES_AAF,HOSPEDAJE NACIONAL
AAF9_PANDO,VIAJES_AAF,PASAJES AEREOS NACIONALES
AAF9_PANDO,VIAJES_AAF,PASAJES TERRESTRES NACIONALES
AAF9_PANDO,VIAJES_AAF,VIATICOS
AAF9_PANDO,CONSULTORES_AAF,CONSULTOR 1
AAF9_PANDO,CONSULTORES_AAF,CONSULTOR 2
AAF9_PANDO,CONSULTORES_AAF,CONSULTOR 3
AAF9_PANDO,CONSULTORES_AAF,COORDINADOR ESTRATEGICO BENI
AAF9_PANDO,CONSULTORES_AAF,TECNICO AREAS PROTEGIDAS BENI
AAF9_PANDO,CONSULTORES_AAF,TECNICO ENLACE-BENI
AAF9_PANDO,PERSONAL_AAF,COORDINADOR DE COMUNICACION ESTRATEGICA
AAF9_PANDO,PERSONAL_AAF,DIRECTOR DE CIENCIA Y TECNOLOGIA
AAF9_PANDO,PERSONAL_AAF,DIRECTOR DE EMPODERAMIENTO LOCAL
AAF9_PANDO,PERSONAL_AAF,DIRECTOR DE ESPACIOS DE CONSERVACION
AAF9_PANDO,PERSONAL_AAF,DIRECTOR EJECUTIVO
AAF9_PANDO,PERSONAL_AAF,DIRECTOR TECNICO
AAF9_PANDO,PERSONAL_AAF,SUBDIRECTOR DE PROGRAMAS
AAF9_PANDO,COSTOS_DE_OFICINA,COSTOS INDIRECTOS
AAF_10,MATERIALES_DE_DIVULGACION,MATERIALES DE PROMOCION Y COMUNICACION
AAF_10,EQUIPOS_Y_SUMINISTROS_AAF,INSUMOS Y EQUIPAMIENTO
AAF_10,TALLERES_Y_REUNIONES,TALLERES
AAF_10,VIAJES_AAF,COMBUSTIBLE
AAF_10,VIAJES_AAF,HOSPEDAJE NACIONAL
AAF_10,VIAJES_AAF,PASAJES AEREOS NACIONALES
AAF_10,VIAJES_AAF,PASAJES TERRESTRES NACIONALES
AAF_10,VIAJES_AAF,VIATICOS
AAF_10,CONSULTORES_AAF,CONSULTOR 1
AAF_10,CONSULTORES_AAF,CONSULTOR 2
AAF_10,CONSULTORES_AAF,CONSULTOR 3
AAF_10,CONSULTORES_AAF,COORDINADOR ESTRATEGICO BENI
AAF_10,CONSULTORES_AAF,TECNICO AREAS PROTEGIDAS BENI
AAF_10,CONSULTORES_AAF,TECNICO ENLACE-BENI
AAF_10,PERSONAL_AAF,COORDINADOR DE COMUNICACION ESTRATEGICA
AAF_10,PERSONAL_AAF,DIRECTOR DE CIENCIA Y TECNOLOGIA
AAF_10,PERSONAL_AAF,DIRECTOR DE EMPODERAMIENTO LOCAL
AAF_10,PERSONAL_AAF,DIRECTOR DE ESPACIOS DE CONSERVACION
AAF_10,PERSONAL_AAF,DIRECTOR EJECUTIVO
AAF_10,PERSONAL_AAF,DIRECTOR TECNICO
AAF_10,PERSONAL_AAF,SUBDIRECTOR DE PROGRAMAS
AAF_10,COSTOS_DE_OFICINA,COSTOS INDIRECTOS
BID_PV,AUDITORIA_BID_PV,AUDITORIA
BID_PV,IMPRESIONES,IMPRESIONES
BID_PV,IMPRESIONES,MATERIAL DE DIFUSION
BID_PV,CONSULTORIAS,CONSULTORES
BID_PV,CONSULTORIAS,CONSULTOR DE ANALISIS DE AGUA
BID_PV,EQUIPAMIENTO,INSUMOS Y EQUIPAMIENTO
BID_PV,GUIAS,GUIAS LOCALES
BID_PV,GASTOS_ADMINISTRATIVOS_BID_PV,MANTENIMIENTO DE VEHICULOS
BID_PV,GASTOS_ADMINISTRATIVOS_BID_PV,MOVILIDADES
BID_PV,PERSONAL_BID_PV,ESP. SIST. INFORM. GEOGRAFICA Y TELEDETECCION
BID_PV,PERSONAL_BID_PV,ESPECIALISTA EN GESTION INTEGRAL DEL BOSQUE
BID_PV,PERSONAL_BID_PV,ESPECIALISTA EN SISTEMATIZACION Y ANALISIS DE INFORMACION
BID_PV,PERSONAL_BID_PV,ESPECIALISTA EN SIG Y FOTOGRAMETRIA
BID_PV,PERSONAL_BID_PV,ESPECIALISTA EN ECOCLIMATOLOGIA
BID_PV,PERSONAL_BID_PV,COORDINADOR DE CIENCIA Y TECNOLOGIA
BID_PV,PERSONAL_BID_PV,DIRECTOR DE CIENCIA Y TECNOLOGIA
BID_PV,PERSONAL_BID_PV,ESPECIALISTA EN GESTION SOCIAL
BID_PV,PERSONAL_BID_PV,ESPECIALISTA MANEJO FORESTAL
BID_PV,PERSONAL_BID_PV,TECNICO FORESTAL NO MADERABLE
BID_PV,PERSONAL_BID_PV,TECNICO II EN TRANSFORMACION DE PFNM
BID_PV,PERSONAL_BID_PV,ESPECIALISTA EN COMERCIALIZACION
BID_PV,PERSONAL_BID_PV,DIRECTOR DE EMPODERAMIENTO LOCAL
BID_PV,PERSONAL_BID_PV,ESPECIALISTA EN COMUNICACION II
BID_PV,PERSONAL_BID_PV,COORDINADOR DE EMPODERAMIENTO LOCAL
BID_PV,PERSONAL_BID_PV,DIRECTOR FINANCIERO
BID_PV,PERSONAL_BID_PV,RESPONSABLE DE ADQUISICIONES Y LOGISTICA
BID_PV,PERSONAL_BID_PV,COORDINADOR DE PROYECTO
BID_PV,PERSONAL_BID_PV,CHOFER
BID_PV,PERSONAL_BID_PV,CONTADOR II
BID_PV,TALLERES_BID_PV,TALLERES
BID_PV,TALLERES_BID_PV,REUNIONES Y TALLERES EMPREND. PRODUC. 
BID_PV,VIAJES_BID_PV,COMBUSTIBLE
BID_PV,VIAJES_BID_PV,HOSPEDAJE
BID_PV,VIAJES_BID_PV,HOSPEDAJE NACIONAL
BID_PV,VIAJES_BID_PV,HOSPEDAJE TERCEROS
BID_PV,VIAJES_BID_PV,PASAJES AEREOS
BID_PV,VIAJES_BID_PV,PASAJES AEREOS NACIONALES
BID_PV,VIAJES_BID_PV,PASAJES TERRESTRES
BID_PV,VIAJES_BID_PV,PASAJES TERRESTRES NACIONALES
BID_PV,VIAJES_BID_PV,VIATICOS
BID_PV,VIAJES_BID_PV,VIATICOS CAMPO
BID_PV,VIAJES_BID_PV,VIATICOS TERCEROS
BID_PV,IMPREVISTOS,IMPREVISTOS
BID_PV,OVERHEAD,TRANSACCIONES BANCARIAS
BID_PV,OVERHEAD,ALQUILERES
BID_PV,OVERHEAD,SERVICIOS BASICOS
BID_PV,OVERHEAD,TELEFONOS Y CELULARES
BID_PV,OVERHEAD,INTERNET
BID_PV,OVERHEAD,SERVICIO DE LIMPIEZA
SUECIA_PV,AUDITORIA_CONSOLIDADA,AUDITORIA
SUECIA_PV,COMUNICACION_Y_DIFUSION,IMPRESIONES
SUECIA_PV,COMUNICACION_Y_DIFUSION,MATERIAL DE DIFUSION
SUECIA_PV,CONSULTORIAS_Y_O_SERVICIOS,CONSULTORES
SUECIA_PV,COSTOS_INDIRECTOS_DE_OFICINA,ALQUILERES
SUECIA_PV,COSTOS_INDIRECTOS_DE_OFICINA,SERVICIOS BASICOS
SUECIA_PV,COSTOS_INDIRECTOS_DE_OFICINA,TELEFONOS Y CELULARES
SUECIA_PV,COSTOS_INDIRECTOS_DE_OFICINA,INTERNET
SUECIA_PV,COSTOS_INDIRECTOS_DE_OFICINA,SERVICIO DE LIMPIEZA
SUECIA_PV,COSTOS_INDIRECTOS_DE_OFICINA,TRANSACCIONES BANCARIAS
SUECIA_PV,COSTOS_INDIRECTOS_DE_OFICINA,ALQUILERES
SUECIA_PV,COSTOS_INDIRECTOS_DE_OFICINA,SERVICIOS BASICOS
SUECIA_PV,COSTOS_INDIRECTOS_DE_OFICINA,TELEFONOS Y CELULARES
SUECIA_PV,COSTOS_INDIRECTOS_DE_OFICINA,INTERNET
SUECIA_PV,COSTOS_INDIRECTOS_DE_OFICINA,SERVICIO DE LIMPIEZA
SUECIA_PV,COSTOS_INDIRECTOS_DE_OFICINA,TRANSACCIONES BANCARIAS
SUECIA_PV,COSTOS_VEHICULOS,ALQUILERES
SUECIA_PV,COSTOS_VEHICULOS,MANTENIMIENTO VEHICULOS
SUECIA_PV,COSTOS_VEHICULOS,MOVILIDADES
SUECIA_PV,GASTOS_ADMINISTRATIVOS,TRANSACCIONES BANCARIAS
SUECIA_PV,PERSONAL_SUECIA_PV,ESPECIALISTA EN GESTION SOCIAL
SUECIA_PV,PERSONAL_SUECIA_PV,TECNICO NTFP (REC. FOREST. NO MADER)
SUECIA_PV,PERSONAL_SUECIA_PV,TECNICO II EN TRANSFORMACION DE PFNM
SUECIA_PV,PERSONAL_SUECIA_PV,ESPECIALISTA EN COMERCIALIZACION
SUECIA_PV,PERSONAL_SUECIA_PV,ESPECIALISTA EN COMUNICACION II
SUECIA_PV,PERSONAL_SUECIA_PV,COORDINADOR DE PROYECTO
SUECIA_PV,PERSONAL_SUECIA_PV,CONTADOR II
SUECIA_PV,TALLERES_SUECIA_PV,TALLERES
SUECIA_PV,VIAJES_SUECIA_PV,COMBUSTIBLE
SUECIA_PV,VIAJES_SUECIA_PV,HOSPEDAJE NACIONAL
SUECIA_PV,VIAJES_SUECIA_PV,PASAJES AEREOS NACIONALES
SUECIA_PV,VIAJES_SUECIA_PV,PASAJES TERRESTRES NACIONALES
SUECIA_PV,VIAJES_SUECIA_PV,TRANSPORTE LOCAL
SUECIA_PV,VIAJES_SUECIA_PV,VIATICOS
RAINFOREST,SALARIOS_DEL_PERSONAL_RF,DIRECTOR FINANCIERO
RAINFOREST,SALARIOS_DEL_PERSONAL_RF,ADMINISTRADORA
RAINFOREST,SALARIOS_DEL_PERSONAL_RF,COORDINADOR DE CONSERVACION DE AREAS NATURALES
RAINFOREST,SALARIOS_DEL_PERSONAL_RF,RESPONSABLE DE ADQUISICIONES Y LOGISTICA
RAINFOREST,SALARIOS_DEL_PERSONAL_RF,CHOFER
RAINFOREST,SALARIOS_DEL_PERSONAL_RF,ESPECIALISTA EN COMUNICACION II
RAINFOREST,SALARIOS_DEL_PERSONAL_RF,ESPECIALISTA EN AREAS DE CONSERVACION
RAINFOREST,SALARIOS_DEL_PERSONAL_RF,ESPECIALISTA EN FORTALECIMIENTO DE AREAS PROTEGIDAS
RAINFOREST,SALARIOS_DEL_PERSONAL_RF,TECNICO EN AREAS DE CONSERVACION PANDO
RAINFOREST,SALARIOS_DEL_PERSONAL_RF,TECNICO EN GESTION LEGAL
RAINFOREST,SALARIOS_DEL_PERSONAL_RF,COORDINADOR RAIN FOREST
RAINFOREST,SALARIOS_DEL_PERSONAL_RF,TECNICO LOCAL PRODUCCION BLOQUE 2 PESCA (BARTOLOME PARAPAINO)
RAINFOREST,SALARIOS_DEL_PERSONAL_RF,TECNICO I LOGISTICA
RAINFOREST,SALARIOS_DEL_PERSONAL_RF,ESPECALISTA EN ANALISIS DE BIODIVERSIDAD
RAINFOREST,SALARIOS_DEL_PERSONAL_RF,TECNICO EN BIODIVERSIDAD (ADRIELA ARAUZ)
RAINFOREST,SALARIOS_DEL_PERSONAL_RF,TECNICO MUNICIPAL SAN PEDRO (JORGE INFANTES)
RAINFOREST,SALARIOS_DEL_PERSONAL_RF,TECNICO MUNICIPAL INGAVI (HUMBERTO RAMIREZ)
RAINFOREST,SALARIOS_DEL_PERSONAL_RF,TECNICO LOCAL PRODUCCION BLOQUE 2 PFNM (SINEY)
RAINFOREST,SALARIOS_DEL_PERSONAL_RF,PROFESIONAL EN MANEJO Y DESARROLLO PFNM (EDGAR POQUIVIQUI)
RAINFOREST,SERVICIOS_PROFESIONALES_Y_DE_CONSULTORIA_RF,CONSULTORES
RAINFOREST,CREACION_DE_AREAS_PROTEGIDAS_RF,SUMINISTROS DE OFICINA
RAINFOREST,CREACION_DE_AREAS_PROTEGIDAS_RF,ALIMENTACION / VIVERES
RAINFOREST,CREACION_DE_AREAS_PROTEGIDAS_RF,COMBUSTIBLE
RAINFOREST,CREACION_DE_AREAS_PROTEGIDAS_RF,VIATICOS
RAINFOREST,CREACION_DE_AREAS_PROTEGIDAS_RF,PASAJES TERRESTRES NACIONALES
RAINFOREST,CREACION_DE_AREAS_PROTEGIDAS_RF,HOSPEDAJE NACIONAL
RAINFOREST,CREACION_DE_AREAS_PROTEGIDAS_RF,ALQUILER VEHICULOS
RAINFOREST,CREACION_DE_AREAS_PROTEGIDAS_RF,"PAGO PONTON, PEAJES, ETC"
RAINFOREST,CREACION_DE_AREAS_PROTEGIDAS_RF,ALQUILER SALON
RAINFOREST,GESTION_DE_AREAS_PROTEGIDAS_RF,ALIMENTACION / VIVERES
RAINFOREST,GESTION_DE_AREAS_PROTEGIDAS_RF,ALIMENTACION TALLERES
RAINFOREST,GESTION_DE_AREAS_PROTEGIDAS_RF,ALQUILER SALON
RAINFOREST,GESTION_DE_AREAS_PROTEGIDAS_RF,ALQUILER VEHICULOS
RAINFOREST,GESTION_DE_AREAS_PROTEGIDAS_RF,CAPACITADORES
RAINFOREST,GESTION_DE_AREAS_PROTEGIDAS_RF,CERTIFICACION ORGANICA
RAINFOREST,GESTION_DE_AREAS_PROTEGIDAS_RF,COMBUSTIBLE
RAINFOREST,GESTION_DE_AREAS_PROTEGIDAS_RF,EQUIPO DE PROTECCION PERSONAL
RAINFOREST,GESTION_DE_AREAS_PROTEGIDAS_RF,EQUIPOS DE PRODUCCION
RAINFOREST,GESTION_DE_AREAS_PROTEGIDAS_RF,GUIAS LOCALES
RAINFOREST,GESTION_DE_AREAS_PROTEGIDAS_RF,HERRAMIENTAS VARIAS
RAINFOREST,GESTION_DE_AREAS_PROTEGIDAS_RF,HOSPEDAJE NACIONAL
RAINFOREST,GESTION_DE_AREAS_PROTEGIDAS_RF,INSUMOS Y EQUIPAMIENTO
RAINFOREST,GESTION_DE_AREAS_PROTEGIDAS_RF,LABORATORIO
RAINFOREST,GESTION_DE_AREAS_PROTEGIDAS_RF,MANTENIMIENTO DE VEHICULOS
RAINFOREST,GESTION_DE_AREAS_PROTEGIDAS_RF,MATERIAL DE CONSTRUCCION
RAINFOREST,GESTION_DE_AREAS_PROTEGIDAS_RF,"PAGO PONTON, PEAJES, ETC"
RAINFOREST,GESTION_DE_AREAS_PROTEGIDAS_RF,PASAJES TERRESTRES NACIONALES
RAINFOREST,GESTION_DE_AREAS_PROTEGIDAS_RF,SUMINISTROS DE OFICINA
RAINFOREST,GESTION_DE_AREAS_PROTEGIDAS_RF,VIATICOS
RAINFOREST,EQUIPOS_Y_SUMINISTROS_RF,CAMARAS TRAMPA
RAINFOREST,EQUIPOS_Y_SUMINISTROS_RF,EQUIPO DE PROTECCION PERSONAL
RAINFOREST,EQUIPOS_Y_SUMINISTROS_RF,EQUIPOS
RAINFOREST,EQUIPOS_Y_SUMINISTROS_RF,EQUIPOS DE PRODUCCION
RAINFOREST,EQUIPOS_Y_SUMINISTROS_RF,ESTACION METEOROLOGICA
RAINFOREST,EQUIPOS_Y_SUMINISTROS_RF,HERRAMIENTAS VARIAS
RAINFOREST,EQUIPOS_Y_SUMINISTROS_RF,LAPTOP
RAINFOREST,EQUIPOS_Y_SUMINISTROS_RF,MUEBLES
RAINFOREST,EQUIPOS_Y_SUMINISTROS_RF,SENSORES ACUSTICOS
RAINFOREST,EQUIPOS_Y_SUMINISTROS_RF,SUMINISTROS DE OFICINA
RAINFOREST,EQUIPOS_Y_SUMINISTROS_RF,SUMINISTROS DE PROYECTO
RAINFOREST,TALLERES_Y_CAPACITACIONES_RF,ALIMENTACION / VIVERES
RAINFOREST,TALLERES_Y_CAPACITACIONES_RF,ALQUILER DE SALON
RAINFOREST,TALLERES_Y_CAPACITACIONES_RF,ALQUILER DE VEHICULOS
RAINFOREST,TALLERES_Y_CAPACITACIONES_RF,CAPACITADORES
RAINFOREST,TALLERES_Y_CAPACITACIONES_RF,COMBUSTIBLE
RAINFOREST,TALLERES_Y_CAPACITACIONES_RF,HOSPEDAJE NACIONAL
RAINFOREST,TALLERES_Y_CAPACITACIONES_RF,"PAGO PONTON, PEAJES, ETC"
RAINFOREST,TALLERES_Y_CAPACITACIONES_RF,PASAJES TERRESTRES NACIONALES
RAINFOREST,TALLERES_Y_CAPACITACIONES_RF,SUMINISTROS DE OFICINA
RAINFOREST,TALLERES_Y_CAPACITACIONES_RF,VIATICOS
RAINFOREST,VIAJES_RF,ALQUILER VEHICULOS
RAINFOREST,VIAJES_RF,COMBUSTIBLE
RAINFOREST,VIAJES_RF,HOSPEDAJE NACIONAL
RAINFOREST,VIAJES_RF,"PAGO PONTON, PEAJES, ETC"
RAINFOREST,VIAJES_RF,PASAJES AEREOS NACIONALES
RAINFOREST,VIAJES_RF,PASAJES TERRESTRES NACIONALES
RAINFOREST,VIAJES_RF,VIATICOS
RAINFOREST,COSTOS_OPERATIVOS_RF,ALQUILERES
RAINFOREST,COSTOS_OPERATIVOS_RF,IMPUESTOS
RAINFOREST,COSTOS_OPERATIVOS_RF,INTERNET
RAINFOREST,COSTOS_OPERATIVOS_RF,MANTENIMIENTO VEHICULOS
RAINFOREST,COSTOS_OPERATIVOS_RF,MOTOCICLETAS
RAINFOREST,COSTOS_OPERATIVOS_RF,MOVILIDADES
RAINFOREST,COSTOS_OPERATIVOS_RF,SERVICIOS BASICOS
RAINFOREST,COSTOS_OPERATIVOS_RF,SUMINISTROS DE OFICINA
RAINFOREST,COSTOS_OPERATIVOS_RF,DISEÑO IMPRESION DIVULGACION MATERIALES
RAINFOREST,COSTOS_CONTABLES_Y_ADMINISTRATIVOS_RF,AUDITORIA
RAINFOREST,COSTOS_CONTABLES_Y_ADMINISTRATIVOS_RF,TRANSACCIONES BANCARIAS
RAINFOREST,MISCELANEOS_RF,FORTALECIMIENTO INSTITUCIONAL
RE_WILD,CONSULTORES_REWILD,CONSULTORES
RE_WILD,VIAJES_REWILD,VIATICOS
RE_WILD,VIAJES_REWILD,PASAJES TERRESTRES NACIONALES
RE_WILD,VIAJES_REWILD,PASAJES AEREOS NACIONALES
RE_WILD,VIAJES_REWILD,HOSPEDAJE NACIONAL
RE_WILD,EQUIPAMIENTO_REWILD,ALIMENTACION / VIVERES
RE_WILD,EQUIPAMIENTO_REWILD,INSUMOS Y EQUIPAMIENTO
RE_WILD,COSTOS_INDIRECTOS_REWILD,COSTOS INDIRECTOS
RE_WILD_2,CONSULTORES_REWILD,CONSULTORES
RE_WILD_2,VIAJES_REWILD,VIATICOS
RE_WILD_2,VIAJES_REWILD,PASAJES TERRESTRES NACIONALES
RE_WILD_2,VIAJES_REWILD,PASAJES AEREOS NACIONALES
RE_WILD_2,VIAJES_REWILD,HOSPEDAJE NACIONAL
RE_WILD_2,EQUIPAMIENTO_REWILD,ALIMENTACION / VIVERES
RE_WILD_2,EQUIPAMIENTO_REWILD,INSUMOS Y EQUIPAMIENTO
RE_WILD_2,COSTOS_INDIRECTOS_REWILD,COSTOS INDIRECTOS
IIED,STAFF,CONTADOR
IIED,STAFF,ESPECIALISTA EN AREAS DE CONSERVACION
IIED,STAFF,ESPECIALISTA EN COMUNICACION
IIED,STAFF,ESPECIALISTA EN FORTALECIMIENTO DE AREAS PROTEGIDAS
IIED,STAFF,RESPONSABLE DE GOBERNANZA
IIED,STAFF,TECNICO ENLACE-BENI
IIED,CONSULTORIAS_IIED,ASISTENTE TECNICO Y MONITOREO
IIED,CONSULTORIAS_IIED,CONSULTOR 1
IIED,CONSULTORIAS_IIED,CONSULTOR 2
IIED,CONSULTORIAS_IIED,CONSULTORES
IIED,EQUIPOS_IIED,EQUIPOS
IIED,VIAJES_Y_CAMPO,GASTOS DE VIAJE CAMPO
IIED,VIAJES_Y_CAMPO,GASTOS DE VIAJE CIUDAD
IIED,VIAJES_Y_CAMPO,GASTOS VIAJES INTERNACIONALES
IIED,TALLERES_IIED,TALLERES
IIED,TALLERES_IIED,TALLERES GRUPOS FOCALES
IIED,TALLERES_IIED,TALLERES PLANIFICACION
IIED,TALLERES_IIED,TECNICO I AREAS PROTEGIDAS BENI
IIED,COMUNICACION,TELEFONOS Y CELULARES
IIED,COSTOS_DE_OFICINA,COSTOS INDIRECTOS
IIED,COSTOS_DE_OFICINA,TELEFONOS Y CELULARES
MOORE,PERSONAL_MOORE,DIRECTOR DE CIENCIA Y TECNOLOGIA
MOORE,PERSONAL_MOORE,ESPECIALISTA II COMUNICACION INTERNA
MOORE,CONSULTORES_Y_CONTRATISTAS,CAPACITADORES
MOORE,CONSULTORES_Y_CONTRATISTAS,CONSULTORES
MOORE,OTROS_GASTOS_DIRECTOS,CAPACITACIONES
MOORE,OTROS_GASTOS_DIRECTOS,COMUNICACIONES Y PUBLICACIONES
MOORE,OTROS_GASTOS_DIRECTOS,EQUIPOS SUMINISTROS COMPUTACION
MOORE,OTROS_GASTOS_DIRECTOS,"VIATICOS, ALIMENTACION E IMPREVISTO"
MOORE,COSTOS_INDIRECTOS_MOORE,COSTOS INDIRECTOS
DOROTHY,FORTALECER_LAS_CADENAS_DE_SUMINISTRO,PERSONAL DOROTHY
DOROTHY,FORTALECER_LAS_CADENAS_DE_SUMINISTRO,VIAJES DOROTHY
DOROTHY,FORTALECER_LAS_CADENAS_DE_SUMINISTRO,EQUIPOS DOROTHY
DOROTHY,FORTALECER_LAS_CADENAS_DE_SUMINISTRO,IMPRESIONES Y COMUNICACIONES DOROTHY
DOROTHY,FORTALECER_LAS_CADENAS_DE_SUMINISTRO,COSTOS INDIRECTOS DOROTHY
FCF_3,PERSONAL_FCF_3,ESP. EN EDUCACION PARA LA CONSERVACION
FCF_3,PERSONAL_FCF_3,ESPECIALISTA EN SIG Y ANALISIS ESPACIAL
FCF_3,CONSULTORES_FCF_3,CONSULTORES
FCF_3,EQUIPOS_Y_SUMINISTROS_FCF3,SUMINISTROS DE OFICINA
FCF_3,EQUIPOS_Y_SUMINISTROS_FCF3,EQUIPOS
FCF_3,EQUIPOS_Y_SUMINISTROS_FCF3,IMPRESIONES Y COMUNICACIONES
FCF_3,EQUIPOS_Y_SUMINISTROS_FCF3,LAPTOP
FCF_3,EQUIPOS_Y_SUMINISTROS_FCF3,EQUIPOS SUMINISTROS COMPUTACION
FCF_3,VIAJES_FCF3,COMBUSTIBLE
FCF_3,VIAJES_FCF3,PASAJES TERRESTRES
FCF_3,VIAJES_FCF3,PASAJES AEREOS NACIONALES
FCF_3,VIAJES_FCF3,"VIATICOS, ALIMENTACION E IMPREVISTO"
FCF_3,REUNIONES_Y_TALLERES,CAPACITADORES
FCF_3,REUNIONES_Y_TALLERES,TECNICO DE CAMPO
FCF_3,REUNIONES_Y_TALLERES,COMUNICACIONES
FCF_3,REUNIONES_Y_TALLERES,REUNIONES Y TALLERES EMPREND. PRODUC. 
FCF_3,COSTOS_INDIRECTOS,COSTOS INDIRECTOS
EROL_2,PERSONNEL_EROL_2,COORDINACION (PART TIME)
EROL_2,PERSONNEL_EROL_2,ESPECIALISTA MANEJO DE BOSQUES (PART TIME)
EROL_2,PERSONNEL_EROL_2,ESPECIALISTA COMERCIALIZACION (PART TIME)
EROL_2,PERSONNEL_EROL_2,ESPECIALISTA SIG (PART TIME)
EROL_2,PERSONNEL_EROL_2,TECNICO DE CAMPO (PART TIME)
EROL_2,CONSULTING_EROL_2,CONSULTORIAS PARA PLANES COMUNALES DE MANEJO
EROL_2,CONSULTING_EROL_2,CONSULTORIA MODULO OBSERVATORIO
EROL_2,CONSULTING_EROL_2,CONSULTORIAS PARA INCORPORAR ECONOMIA DE BOSQUES EN PLANES SUBNACIONALES
EROL_2,CONSULTING_EROL_2,CONSULTORIA PARA IDENTIFICACION DE REQUERIMIENTOS DE EXPORTACION
EROL_2,MATERIALS_EROL_2,MATERIALES PARA COSECHA Y TRANSFORMACION
EROL_2,MATERIALS_EROL_2,MATERIAL PARA DIFUSION EN STANDS REGIONALES
EROL_2,TRAVEL_AND_WORKSHOPS_EROL_2,VIAJES
EROL_2,TRAVEL_AND_WORKSHOPS_EROL_2,TALLERES
AKAM_CCAM,LOCAL_PARTNER_ACTIVITIES,CAPACITADORES
AKAM_CCAM,LOCAL_PARTNER_ACTIVITIES,CUMBRES
AKAM_CCAM,LOCAL_PARTNER_ACTIVITIES,FOROS
AKAM_CCAM,LOCAL_PARTNER_ACTIVITIES,REUNIONES
AKAM_CCAM,LOCAL_PARTNER_ACTIVITIES,SEMINARIOS
AKAM_CCAM,LOCAL_PARTNER_ACTIVITIES,SERVICIOS DE MANO DE OBRA
AKAM_CCAM,LOCAL_PARTNER_ACTIVITIES,SUMINISTROS DE PROYECTO
AKAM_CCAM,LOCAL_PARTNER_ACTIVITIES,TALLERES
AKAM_CCAM,LOCAL_PARTNER_INVESTMENTS,MATERIAL SISTEMA DE RIEGO
AKAM_CCAM,LOCAL_PARTNER_INVESTMENTS,EQUIPOS RIEGO
AKAM_CCAM,LOCAL_PARTNER_INVESTMENTS,EQUIPOS
AKAM_CCAM,LOCAL_PARTNER_STAFF_AND_VOLUNTEERS,TECNICO SOCIOECONOMICO
AKAM_CCAM,LOCAL_PARTNER_STAFF_AND_VOLUNTEERS,ESPECIALISTA EN AREAS DE CONSERVACION
AKAM_CCAM,LOCAL_PARTNER_STAFF_AND_VOLUNTEERS,TECNICO LOCAL APOLO
AKAM_CCAM,LOCAL_PARTNER_STAFF_AND_VOLUNTEERS,ESPECIALISTA EN COMUNICACION II
AKAM_CCAM,LOCAL_PARTNER_STAFF_AND_VOLUNTEERS,ENCARGADA DE RRHH Y ASISTENTE CONTABLE
AKAM_CCAM,LOCAL_PARTNER_STAFF_AND_VOLUNTEERS,CONSULTORES
AKAM_CCAM,LOCAL_PARTNER_ADMINISTRATION,ALQUILERES
AKAM_CCAM,LOCAL_PARTNER_ADMINISTRATION,SERVICIOS BASICOS
AKAM_CCAM,LOCAL_PARTNER_ADMINISTRATION,INTERNET
AKAM_CCAM,LOCAL_PARTNER_ADMINISTRATION,MANTENIMIENTO VEHICULOS
AKAM_CCAM,LOCAL_PARTNER_ADMINISTRATION,SUMINISTROS DE OFICINA
AKAM_CCAM,LOCAL_PARTNER_ADMINISTRATION,AUDITORIA
AFD,EQUIPAMIENTO_TECNICO_AFD,COMPUTADORAS
AFD,EQUIPAMIENTO_TECNICO_AFD,CONGELADORAS PARA FRUTAS
AFD,EQUIPAMIENTO_TECNICO_AFD,DESBROZADORA Y BOMBA DE AGUA
AFD,EQUIPAMIENTO_TECNICO_AFD,TELEFONOS Y CELULARES
AFD,EQUIPAMIENTO_TECNICO_AFD,BINOCULARES
AFD,EQUIPAMIENTO_TECNICO_AFD,DISPOSITIVOS GPS
AFD,EQUIPAMIENTO_TECNICO_AFD,TUBOS DE POLIETILENO
AFD,COMPRAS_Y_SERVICIOS_EXT_AFD,MATERIALES DE OFICINA
AFD,COMPRAS_Y_SERVICIOS_EXT_AFD,KITS DE COSECHA FRUTOS AMAZONICOS
AFD,COMPRAS_Y_SERVICIOS_EXT_AFD,SACOS DE YUTE
AFD,COMPRAS_Y_SERVICIOS_EXT_AFD,"GASOLINA, ACEITE Y PRODUCTOS DE LIMPIEZA"
AFD,COMPRAS_Y_SERVICIOS_EXT_AFD,MAT. Y SUM. PROD. PLANTINES
AFD,COMPRAS_Y_SERVICIOS_EXT_AFD,MAT. PARA PARCELAS EVAL. POT. PROD. 
AFD,COMPRAS_Y_SERVICIOS_EXT_AFD,COMISIONES BANCARIAS
AFD,COMPRAS_Y_SERVICIOS_EXT_AFD,ALQUILER VEHICULOS(INCLUYE BOTES)
AFD,COMPRAS_Y_SERVICIOS_EXT_AFD,ALQUILER DE SALON (COMUN Y PUEBLOS)
AFD,COMPRAS_Y_SERVICIOS_EXT_AFD,ALQUILER SALON(CIUDAD)
AFD,COMPRAS_Y_SERVICIOS_EXT_AFD,BANNERS
AFD,COMPRAS_Y_SERVICIOS_EXT_AFD,VIDEOS
AFD,COMPRAS_Y_SERVICIOS_EXT_AFD,PUBLICIDAD RADIOS
AFD,COMPRAS_Y_SERVICIOS_EXT_AFD,DISEÑO E IMPRESION DE COMICS
AFD,COMPRAS_Y_SERVICIOS_EXT_AFD,MOCHILAS CON MATERIAL EDUCATIVO
AFD,COMPRAS_Y_SERVICIOS_EXT_AFD,PAGO REDES SOC. MATERIAL AUDIOVISUAL
AFD,COMPRAS_Y_SERVICIOS_EXT_AFD,PAGO TV Y RADIODIFUSION SPOT
AFD,COMPRAS_Y_SERVICIOS_EXT_AFD,STAND PARA FERIAS
AFD,COMPRAS_Y_SERVICIOS_EXT_AFD,CANALES INFORMATIVOS
AFD,COMPRAS_Y_SERVICIOS_EXT_AFD,FOLLETOS Y APLIC. DIGITALES
AFD,ESTUDIOS_CONSULTORIAS_AFD,CONS. DESARR. PLANES ACCION CLIMATICA
AFD,ESTUDIOS_CONSULTORIAS_AFD,CONS. PLANES COMUN. PFNM
AFD,ESTUDIOS_CONSULTORIAS_AFD,CONS. DISEÑO APLIC. COMUNIC. Y EDUCACION
AFD,ESTUDIOS_CONSULTORIAS_AFD,CONS. DES. PLANES DE ECOTURISMO
AFD,ESTUDIOS_CONSULTORIAS_AFD,CONS. DES. MODULOS DE CAPACITACION
AFD,ESTUDIOS_CONSULTORIAS_AFD,CONS. MEJORA MOD. OBSERV.
AFD,ESTUDIOS_CONSULTORIAS_AFD,CONS. INCLUSION PROP. PTDIS
AFD,ESTUDIOS_CONSULTORIAS_AFD,CONS. NORMAS CONTROL Y VIG.
AFD,ESTUDIOS_CONSULTORIAS_AFD,CONS. ACUERD. LOC. GESTION AGUA
AFD,ESTUDIOS_CONSULTORIAS_AFD,CONSULTOR ENFOQUE GENERO
AFD,ESTUDIOS_CONSULTORIAS_AFD,EV. TECNICA DEL PROYECTO
AFD,ESTUDIOS_CONSULTORIAS_AFD,AUDITORIA FINANCIERA AFD
AFD,VIAJES_AFD,TRANSPORTE TERRESTRE
AFD,VIAJES_AFD,PASAJES AEREOS
AFD,VIAJES_AFD,VIATICOS CIUDAD (ACEAA)
AFD,VIAJES_AFD,VIATICOS CAMPO (ACEAA)
AFD,VIAJES_AFD,HOSPEDAJE ACEAA
AFD,VIAJES_AFD,ALIMENTACION TALLERES
AFD,VIAJES_AFD,HOSPEDAJE TERCEROS
AFD,VIAJES_AFD,VIATICOS TERCEROS
GIZ,GIZ_N_A,N/A
AFD,AFD_N_A,N/A
